timestamp,title,posted_by,posted_date,source_url,replies
1704098573,"Disney's earliest Mickey and Minnie Mouse enter public domain as US copyright expires",nickcarraway,1704068391,https://www.bbc.com/news/entertainment-arts-67833411,3
1704098573,"Tsunami Warning in Japan After Strong Earthquake",nickcarraway,1704068234,https://www.bbc.com/news/world-asia-67855990,0
1704098573,"Dave Chappelle Takes Aim at the Transgender Community Once More in New Netflix Special ‘The Dreamer’",nickcarraway,1704067081,https://pagesix.com/2023/12/31/entertainment/dave-chappelle-takes-aim-at-the-transgender-community-in-netflixs-the-dreamer/?_gl=1*1pystlx*_ga*MjA2ODU2NjIyOC4xNjk4OTg4NDUz*_ga_0DZ7LHF5PZ*MTcwNDA5NTA0MS4xNjkuMS4xNzA0MDk1MzY1LjAuMC4w&_ga=2.252841225.16053126,1
1704098573,"Did Ancient Egyptians Know Meteorites Came From Space?",SunkenCiv,1704066929,https://www.smithsonianmag.com/science-nature/do-hieroglyphic-texts-reveal-that-ancient-egyptians-knew-meteorites-came-from-the-sky-180983039/,2
1704098573,"Bill Clinton to Be Unmasked as ‘Doe 36’ and Identified More Than 50 Times in Jeffrey Epstein Doc Dump",nickcarraway,1704066489,https://nypost.com/2023/12/31/news/bill-clinton-to-be-identified-as-doe-36-and-named-over-50-times-in-upcoming-epstein-doc-dump/,9
1704098573,"7.4-magnitude earthquake hits western Japan, tsunami warnings in effect ",janetjanet998,1704066072,https://rumble.com/v44h53o-7.4-magnitude-earthquake-hits-western-japan-tsunami-warnings-in-effect.html,9
1704098573,"On New Year’s Eve, DeSantis urges crowd to defy odds and help him ‘win the Iowa caucuses’ ",McGruff,1704064948,https://www.washingtontimes.com/news/2023/dec/31/on-new-years-eve-ron-desantis-urges-crowd-to-defy-/?utm_source=RSS_Feed&utm_medium=RSS,1
1704098573,"College Football Playoff Team Struggles to Sell Out National Championship Ticket Allotment","where's_the_Outrage?",1704063173,https://www.msn.com/en-us/sports/other/college-football-playoff-team-struggles-to-sell-out-national-championship-ticket-allotment/ar-AA1mhxwQ?ocid=msedgntp&pc=ACTS&cvid=51a865ed7c6147f4b920041295a549ab&ei=72,15
1704098573,"News Summary-Intelligence Report Sunday 12/31/2023 Newsdump Year End Specialty Infant Formula Recall, Appeals Court Reinstates California Gun Law, Trump: Make Washington DC ""Great Again"", Netanyahu Projects Long War",Nextrush,1704062666,https://nextrushfree.blogspot.com/2023/12/news-summary-intelligence-report-sunday.html,1
1704098573,"Shocking moment pro-Palestine protesters set off SMOKE BOMBS in Macys in New York City as protesters march through the Big Apple... but are steered away from Times Square ball drop",Libloather,1704061873,https://www.dailymail.co.uk/news/article-12915609/Palestine-protesters-march-midtown-NYPD-steps-security-Times-Square-New-Years-Eve-countdown.html,22
1704098573,"Pastor tried to push McDonald's cook's head into deep fryer: Police",simpson96,1704061724,https://biz.crast.net/pastor-tried-to-push-mcdonalds-cooks-head-into-deep-fryer-police/#google_vignette,14
1704098573,"CNN’s first shot after the ball drop appears to be an interracial gay kiss (ABC too)",janetjanet998,1704060924,https://rumble.com/v44guxu-cnns-first-shot-after-the-ball-drop-appears-to-be-an-interracial-gay-kiss.html,30
1704098573,"Prayers for FRiends and Family 2024",infool7,1704060000,"",3
1704098573,"2023 NOTES IN PASSING",Rummyfan,1704059662,https://www.powerlineblog.com/archives/2023/12/2023-notes-in-passing.php,3
1704098573,"Three former Trump WH officials warn against his 2024 bid: ‘End of American democracy’",thegagline,1704058216,https://nypost.com/2023/12/31/news/three-former-trump-wh-officials-warn-against-him-in-2024-end-of-american-democracy/,34
1704098573,"ABC TV Rings In The New Year With ""Dick and Clark"" Tongue Kissing",Gigantor,1704058144,"http://abcnews.go,com",36
1704098573,"German cardinal says Pope Francis’ same-sex blessings declaration ‘never would have happened’ under Benedict","ebb tide",1704052637,https://www.foxnews.com/world/german-cardinal-says-pope-francis-same-sex-blessings-declaration-never-happened-benedict,11
1704098573,"Pandemic Forever: L.A. County Reinstates Health Care Facility Mask Mandate",ChicagoConservative27,1704051328,https://www.breitbart.com/health/2023/12/31/pandemic-forever-l-a-county-reinstates-hospital-mask-mandate/,59
1704098573,"During the Civil War a proclamation of insurrection was issued. Does insurrection require proclamation or official declaration? ",NoLibZone,1704050306,https://freerepublic.com/perl/post_article,22
1704098573,"University Of Illinois Chicago Student Sadik Froukh Celebrates October 7 Hamas attacks ",artichokegrower,1704048473,https://www.memri.org/tv/university-illinois-chicago-student-sadik-froukh-celebrate-october-seven,44
1704100605,"Tens of Thousands of Career “Civil Service” Administrators in Washington, DC, Apoplectic That Trump Might Fire Them","spirited irish",1704071620,https://patriotandliberty.com/tens-of-thousands-of-career-civil-service-administrators-in-washington-dc-apoplectic-that-trump-might-fire-them/,0
1704100605,"HAPPY NEW YEAR EVERYONE!",MeneMeneTekelUpharsin,1704070353,"",3
1704100605,"Abominable Snowman explanations – from ‘yeti DNA study’ to ‘brain phenomenon’ that leaves you convinced you’ve seen one",nickcarraway,1704069837,https://www.thesun.ie/tech/news-tech/11931071/abominable-snowman-explanation-yeti-dna-bear-theory/,6
1704100605,"Disney's earliest Mickey and Minnie Mouse enter public domain as US copyright expires",nickcarraway,1704068391,https://www.bbc.com/news/entertainment-arts-67833411,4
1704100605,"Tsunami Warning in Japan After Strong Earthquake",nickcarraway,1704068234,https://www.bbc.com/news/world-asia-67855990,1
1704100605,"Dave Chappelle Takes Aim at the Transgender Community Once More in New Netflix Special ‘The Dreamer’",nickcarraway,1704067081,https://pagesix.com/2023/12/31/entertainment/dave-chappelle-takes-aim-at-the-transgender-community-in-netflixs-the-dreamer/?_gl=1*1pystlx*_ga*MjA2ODU2NjIyOC4xNjk4OTg4NDUz*_ga_0DZ7LHF5PZ*MTcwNDA5NTA0MS4xNjkuMS4xNzA0MDk1MzY1LjAuMC4w&_ga=2.252841225.16053126,1
1704100605,"Did Ancient Egyptians Know Meteorites Came From Space?",SunkenCiv,1704066929,https://www.smithsonianmag.com/science-nature/do-hieroglyphic-texts-reveal-that-ancient-egyptians-knew-meteorites-came-from-the-sky-180983039/,2
1704100605,"Bill Clinton to Be Unmasked as ‘Doe 36’ and Identified More Than 50 Times in Jeffrey Epstein Doc Dump",nickcarraway,1704066489,https://nypost.com/2023/12/31/news/bill-clinton-to-be-identified-as-doe-36-and-named-over-50-times-in-upcoming-epstein-doc-dump/,9
1704100605,"7.4-magnitude earthquake hits western Japan, tsunami warnings in effect ",janetjanet998,1704066072,https://rumble.com/v44h53o-7.4-magnitude-earthquake-hits-western-japan-tsunami-warnings-in-effect.html,10
1704100605,"On New Year’s Eve, DeSantis urges crowd to defy odds and help him ‘win the Iowa caucuses’ ",McGruff,1704064948,https://www.washingtontimes.com/news/2023/dec/31/on-new-years-eve-ron-desantis-urges-crowd-to-defy-/?utm_source=RSS_Feed&utm_medium=RSS,2
1704100605,"College Football Playoff Team Struggles to Sell Out National Championship Ticket Allotment","where's_the_Outrage?",1704063173,https://www.msn.com/en-us/sports/other/college-football-playoff-team-struggles-to-sell-out-national-championship-ticket-allotment/ar-AA1mhxwQ?ocid=msedgntp&pc=ACTS&cvid=51a865ed7c6147f4b920041295a549ab&ei=72,16
1704100605,"News Summary-Intelligence Report Sunday 12/31/2023 Newsdump Year End Specialty Infant Formula Recall, Appeals Court Reinstates California Gun Law, Trump: Make Washington DC ""Great Again"", Netanyahu Projects Long War",Nextrush,1704062666,https://nextrushfree.blogspot.com/2023/12/news-summary-intelligence-report-sunday.html,1
1704100605,"Shocking moment pro-Palestine protesters set off SMOKE BOMBS in Macys in New York City as protesters march through the Big Apple... but are steered away from Times Square ball drop",Libloather,1704061873,https://www.dailymail.co.uk/news/article-12915609/Palestine-protesters-march-midtown-NYPD-steps-security-Times-Square-New-Years-Eve-countdown.html,23
1704100605,"Pastor tried to push McDonald's cook's head into deep fryer: Police",simpson96,1704061724,https://biz.crast.net/pastor-tried-to-push-mcdonalds-cooks-head-into-deep-fryer-police/#google_vignette,16
1704100605,"CNN’s first shot after the ball drop appears to be an interracial gay kiss (ABC too)",janetjanet998,1704060924,https://rumble.com/v44guxu-cnns-first-shot-after-the-ball-drop-appears-to-be-an-interracial-gay-kiss.html,30
1704100605,"Prayers for FRiends and Family 2024",infool7,1704060000,"",3
1704100605,"2023 NOTES IN PASSING",Rummyfan,1704059662,https://www.powerlineblog.com/archives/2023/12/2023-notes-in-passing.php,3
1704100605,"Three former Trump WH officials warn against his 2024 bid: ‘End of American democracy’",thegagline,1704058216,https://nypost.com/2023/12/31/news/three-former-trump-wh-officials-warn-against-him-in-2024-end-of-american-democracy/,34
1704100605,"ABC TV Rings In The New Year With ""Dick and Clark"" Tongue Kissing",Gigantor,1704058144,"http://abcnews.go,com",36
1704100605,"German cardinal says Pope Francis’ same-sex blessings declaration ‘never would have happened’ under Benedict","ebb tide",1704052637,https://www.foxnews.com/world/german-cardinal-says-pope-francis-same-sex-blessings-declaration-never-happened-benedict,11
1704103928,"Today’s Cryptogram","Apple Pan Dowdy",1704073801,"",3
1704103928,"The Jay Sekulow Band New Year's Eve Concert","Paul R.",1704072895,https://rumble.com/v44e6go-the-jay-sekulow-band-new-years-eve-concert.html,1
1704103928,"The Unbiblical Teachings of the Evangelical Lutheran Church in America","spirited irish",1704072814,https://patriotandliberty.com/the-unbiblical-teachings-of-the-evangelical-lutheran-church-in-america/,3
1704103928,"President Biden claims the US is in a better position than any country in the world - despite migrant crisis, crime and a struggling economy - as he speaks to Ryan Seacrest via satellite from a beach holiday St Croix",knighthawk,1704071969,https://www.dailymail.co.uk/news/article-12915849/President-Biden-claims-better-position-country-world-despite-migrant-crisis-crime-struggling-economy-speaks-Ryan-Seacrest-satellite-beach-holiday-St-Croix.html,2
1704103928,"Tyrant Xi Jinping warns that 'all Chinese on both sides of the Taiwan Strait' will be 'reunified' in sabre-rattling New Year message",knighthawk,1704071911,https://www.dailymail.co.uk/news/article-12914281/Tyrant-Xi-Jinping-warns-Chinese-sides-Taiwan-Strait-reunified.html,2
1704103928,"Tens of Thousands of Career “Civil Service” Administrators in Washington, DC, Apoplectic That Trump Might Fire Them","spirited irish",1704071620,https://patriotandliberty.com/tens-of-thousands-of-career-civil-service-administrators-in-washington-dc-apoplectic-that-trump-might-fire-them/,7
1704103928,"HAPPY NEW YEAR EVERYONE!",MeneMeneTekelUpharsin,1704070353,"",5
1704103928,"Abominable Snowman explanations – from ‘yeti DNA study’ to ‘brain phenomenon’ that leaves you convinced you’ve seen one",nickcarraway,1704069837,https://www.thesun.ie/tech/news-tech/11931071/abominable-snowman-explanation-yeti-dna-bear-theory/,6
1704103928,"Disney's earliest Mickey and Minnie Mouse enter public domain as US copyright expires",nickcarraway,1704068391,https://www.bbc.com/news/entertainment-arts-67833411,5
1704103929,"Tsunami Warning in Japan After Strong Earthquake",nickcarraway,1704068234,https://www.bbc.com/news/world-asia-67855990,2
1704103929,"Dave Chappelle Takes Aim at the Transgender Community Once More in New Netflix Special ‘The Dreamer’",nickcarraway,1704067081,https://pagesix.com/2023/12/31/entertainment/dave-chappelle-takes-aim-at-the-transgender-community-in-netflixs-the-dreamer/?_gl=1*1pystlx*_ga*MjA2ODU2NjIyOC4xNjk4OTg4NDUz*_ga_0DZ7LHF5PZ*MTcwNDA5NTA0MS4xNjkuMS4xNzA0MDk1MzY1LjAuMC4w&_ga=2.252841225.16053126,1
1704103929,"Did Ancient Egyptians Know Meteorites Came From Space?",SunkenCiv,1704066929,https://www.smithsonianmag.com/science-nature/do-hieroglyphic-texts-reveal-that-ancient-egyptians-knew-meteorites-came-from-the-sky-180983039/,2
1704103929,"Bill Clinton to Be Unmasked as ‘Doe 36’ and Identified More Than 50 Times in Jeffrey Epstein Doc Dump",nickcarraway,1704066489,https://nypost.com/2023/12/31/news/bill-clinton-to-be-identified-as-doe-36-and-named-over-50-times-in-upcoming-epstein-doc-dump/,11
1704103929,"7.4-magnitude earthquake hits western Japan, tsunami warnings in effect ",janetjanet998,1704066072,https://rumble.com/v44h53o-7.4-magnitude-earthquake-hits-western-japan-tsunami-warnings-in-effect.html,12
1704103929,"On New Year’s Eve, DeSantis urges crowd to defy odds and help him ‘win the Iowa caucuses’ ",McGruff,1704064948,https://www.washingtontimes.com/news/2023/dec/31/on-new-years-eve-ron-desantis-urges-crowd-to-defy-/?utm_source=RSS_Feed&utm_medium=RSS,4
1704103929,"College Football Playoff Team Struggles to Sell Out National Championship Ticket Allotment","where's_the_Outrage?",1704063173,https://www.msn.com/en-us/sports/other/college-football-playoff-team-struggles-to-sell-out-national-championship-ticket-allotment/ar-AA1mhxwQ?ocid=msedgntp&pc=ACTS&cvid=51a865ed7c6147f4b920041295a549ab&ei=72,17
1704103929,"News Summary-Intelligence Report Sunday 12/31/2023 Newsdump Year End Specialty Infant Formula Recall, Appeals Court Reinstates California Gun Law, Trump: Make Washington DC ""Great Again"", Netanyahu Projects Long War",Nextrush,1704062666,https://nextrushfree.blogspot.com/2023/12/news-summary-intelligence-report-sunday.html,2
1704103929,"Shocking moment pro-Palestine protesters set off SMOKE BOMBS in Macys in New York City as protesters march through the Big Apple... but are steered away from Times Square ball drop",Libloather,1704061873,https://www.dailymail.co.uk/news/article-12915609/Palestine-protesters-march-midtown-NYPD-steps-security-Times-Square-New-Years-Eve-countdown.html,24
1704103929,"Pastor tried to push McDonald's cook's head into deep fryer: Police",simpson96,1704061724,https://biz.crast.net/pastor-tried-to-push-mcdonalds-cooks-head-into-deep-fryer-police/#google_vignette,17
1704103929,"CNN’s first shot after the ball drop appears to be an interracial gay kiss (ABC too)",janetjanet998,1704060924,https://rumble.com/v44guxu-cnns-first-shot-after-the-ball-drop-appears-to-be-an-interracial-gay-kiss.html,30
1704106221,"Today’s Cryptogram","Apple Pan Dowdy",1704073801,"",3
1704106221,"The Jay Sekulow Band New Year's Eve Concert","Paul R.",1704072895,https://rumble.com/v44e6go-the-jay-sekulow-band-new-years-eve-concert.html,1
1704106221,"The Unbiblical Teachings of the Evangelical Lutheran Church in America","spirited irish",1704072814,https://patriotandliberty.com/the-unbiblical-teachings-of-the-evangelical-lutheran-church-in-america/,5
1704106221,"President Biden claims the US is in a better position than any country in the world - despite migrant crisis, crime and a struggling economy - as he speaks to Ryan Seacrest via satellite from a beach holiday St Croix",knighthawk,1704071969,https://www.dailymail.co.uk/news/article-12915849/President-Biden-claims-better-position-country-world-despite-migrant-crisis-crime-struggling-economy-speaks-Ryan-Seacrest-satellite-beach-holiday-St-Croix.html,7
1704106221,"Tyrant Xi Jinping warns that 'all Chinese on both sides of the Taiwan Strait' will be 'reunified' in sabre-rattling New Year message",knighthawk,1704071911,https://www.dailymail.co.uk/news/article-12914281/Tyrant-Xi-Jinping-warns-Chinese-sides-Taiwan-Strait-reunified.html,4
1704106221,"Tens of Thousands of Career “Civil Service” Administrators in Washington, DC, Apoplectic That Trump Might Fire Them","spirited irish",1704071620,https://patriotandliberty.com/tens-of-thousands-of-career-civil-service-administrators-in-washington-dc-apoplectic-that-trump-might-fire-them/,11
1704106221,"HAPPY NEW YEAR EVERYONE!",MeneMeneTekelUpharsin,1704070353,"",5
1704106221,"Abominable Snowman explanations – from ‘yeti DNA study’ to ‘brain phenomenon’ that leaves you convinced you’ve seen one",nickcarraway,1704069837,https://www.thesun.ie/tech/news-tech/11931071/abominable-snowman-explanation-yeti-dna-bear-theory/,6
1704106221,"Disney's earliest Mickey and Minnie Mouse enter public domain as US copyright expires",nickcarraway,1704068391,https://www.bbc.com/news/entertainment-arts-67833411,6
1704106221,"Tsunami Warning in Japan After Strong Earthquake",nickcarraway,1704068234,https://www.bbc.com/news/world-asia-67855990,3
1704106222,"Dave Chappelle Takes Aim at the Transgender Community Once More in New Netflix Special ‘The Dreamer’",nickcarraway,1704067081,https://pagesix.com/2023/12/31/entertainment/dave-chappelle-takes-aim-at-the-transgender-community-in-netflixs-the-dreamer/?_gl=1*1pystlx*_ga*MjA2ODU2NjIyOC4xNjk4OTg4NDUz*_ga_0DZ7LHF5PZ*MTcwNDA5NTA0MS4xNjkuMS4xNzA0MDk1MzY1LjAuMC4w&_ga=2.252841225.16053126,2
1704106222,"Did Ancient Egyptians Know Meteorites Came From Space?",SunkenCiv,1704066929,https://www.smithsonianmag.com/science-nature/do-hieroglyphic-texts-reveal-that-ancient-egyptians-knew-meteorites-came-from-the-sky-180983039/,2
1704106222,"Bill Clinton to Be Unmasked as ‘Doe 36’ and Identified More Than 50 Times in Jeffrey Epstein Doc Dump",nickcarraway,1704066489,https://nypost.com/2023/12/31/news/bill-clinton-to-be-identified-as-doe-36-and-named-over-50-times-in-upcoming-epstein-doc-dump/,11
1704106222,"7.4-magnitude earthquake hits western Japan, tsunami warnings in effect ",janetjanet998,1704066072,https://rumble.com/v44h53o-7.4-magnitude-earthquake-hits-western-japan-tsunami-warnings-in-effect.html,12
1704106222,"On New Year’s Eve, DeSantis urges crowd to defy odds and help him ‘win the Iowa caucuses’ ",McGruff,1704064948,https://www.washingtontimes.com/news/2023/dec/31/on-new-years-eve-ron-desantis-urges-crowd-to-defy-/?utm_source=RSS_Feed&utm_medium=RSS,4
1704106222,"College Football Playoff Team Struggles to Sell Out National Championship Ticket Allotment","where's_the_Outrage?",1704063173,https://www.msn.com/en-us/sports/other/college-football-playoff-team-struggles-to-sell-out-national-championship-ticket-allotment/ar-AA1mhxwQ?ocid=msedgntp&pc=ACTS&cvid=51a865ed7c6147f4b920041295a549ab&ei=72,17
1704106222,"News Summary-Intelligence Report Sunday 12/31/2023 Newsdump Year End Specialty Infant Formula Recall, Appeals Court Reinstates California Gun Law, Trump: Make Washington DC ""Great Again"", Netanyahu Projects Long War",Nextrush,1704062666,https://nextrushfree.blogspot.com/2023/12/news-summary-intelligence-report-sunday.html,2
1704106222,"Shocking moment pro-Palestine protesters set off SMOKE BOMBS in Macys in New York City as protesters march through the Big Apple... but are steered away from Times Square ball drop",Libloather,1704061873,https://www.dailymail.co.uk/news/article-12915609/Palestine-protesters-march-midtown-NYPD-steps-security-Times-Square-New-Years-Eve-countdown.html,24
1704106222,"Pastor tried to push McDonald's cook's head into deep fryer: Police",simpson96,1704061724,https://biz.crast.net/pastor-tried-to-push-mcdonalds-cooks-head-into-deep-fryer-police/#google_vignette,17
1704106222,"CNN’s first shot after the ball drop appears to be an interracial gay kiss (ABC too)",janetjanet998,1704060924,https://rumble.com/v44guxu-cnns-first-shot-after-the-ball-drop-appears-to-be-an-interracial-gay-kiss.html,30
1704108783,"Today’s Cryptogram","Apple Pan Dowdy",1704073801,"",4
1704108783,"The Jay Sekulow Band New Year's Eve Concert","Paul R.",1704072895,https://rumble.com/v44e6go-the-jay-sekulow-band-new-years-eve-concert.html,2
1704108783,"The Unbiblical Teachings of the Evangelical Lutheran Church in America","spirited irish",1704072814,https://patriotandliberty.com/the-unbiblical-teachings-of-the-evangelical-lutheran-church-in-america/,5
1704108783,"President Biden claims the US is in a better position than any country in the world - despite migrant crisis, crime and a struggling economy - as he speaks to Ryan Seacrest via satellite from a beach holiday St Croix",knighthawk,1704071969,https://www.dailymail.co.uk/news/article-12915849/President-Biden-claims-better-position-country-world-despite-migrant-crisis-crime-struggling-economy-speaks-Ryan-Seacrest-satellite-beach-holiday-St-Croix.html,12
1704108783,"Tyrant Xi Jinping warns that 'all Chinese on both sides of the Taiwan Strait' will be 'reunified' in sabre-rattling New Year message",knighthawk,1704071911,https://www.dailymail.co.uk/news/article-12914281/Tyrant-Xi-Jinping-warns-Chinese-sides-Taiwan-Strait-reunified.html,4
1704108783,"Tens of Thousands of Career “Civil Service” Administrators in Washington, DC, Apoplectic That Trump Might Fire Them","spirited irish",1704071620,https://patriotandliberty.com/tens-of-thousands-of-career-civil-service-administrators-in-washington-dc-apoplectic-that-trump-might-fire-them/,15
1704108783,"HAPPY NEW YEAR EVERYONE!",MeneMeneTekelUpharsin,1704070353,"",5
1704108783,"Abominable Snowman explanations – from ‘yeti DNA study’ to ‘brain phenomenon’ that leaves you convinced you’ve seen one",nickcarraway,1704069837,https://www.thesun.ie/tech/news-tech/11931071/abominable-snowman-explanation-yeti-dna-bear-theory/,6
1704108783,"Disney's earliest Mickey and Minnie Mouse enter public domain as US copyright expires",nickcarraway,1704068391,https://www.bbc.com/news/entertainment-arts-67833411,10
1704108783,"Tsunami Warning in Japan After Strong Earthquake",nickcarraway,1704068234,https://www.bbc.com/news/world-asia-67855990,3
1704108783,"Dave Chappelle Takes Aim at the Transgender Community Once More in New Netflix Special ‘The Dreamer’",nickcarraway,1704067081,https://pagesix.com/2023/12/31/entertainment/dave-chappelle-takes-aim-at-the-transgender-community-in-netflixs-the-dreamer/?_gl=1*1pystlx*_ga*MjA2ODU2NjIyOC4xNjk4OTg4NDUz*_ga_0DZ7LHF5PZ*MTcwNDA5NTA0MS4xNjkuMS4xNzA0MDk1MzY1LjAuMC4w&_ga=2.252841225.16053126,2
1704108783,"Did Ancient Egyptians Know Meteorites Came From Space?",SunkenCiv,1704066929,https://www.smithsonianmag.com/science-nature/do-hieroglyphic-texts-reveal-that-ancient-egyptians-knew-meteorites-came-from-the-sky-180983039/,4
1704108783,"Bill Clinton to Be Unmasked as ‘Doe 36’ and Identified More Than 50 Times in Jeffrey Epstein Doc Dump",nickcarraway,1704066489,https://nypost.com/2023/12/31/news/bill-clinton-to-be-identified-as-doe-36-and-named-over-50-times-in-upcoming-epstein-doc-dump/,11
1704108783,"7.4-magnitude earthquake hits western Japan, tsunami warnings in effect ",janetjanet998,1704066072,https://rumble.com/v44h53o-7.4-magnitude-earthquake-hits-western-japan-tsunami-warnings-in-effect.html,12
1704108783,"On New Year’s Eve, DeSantis urges crowd to defy odds and help him ‘win the Iowa caucuses’ ",McGruff,1704064948,https://www.washingtontimes.com/news/2023/dec/31/on-new-years-eve-ron-desantis-urges-crowd-to-defy-/?utm_source=RSS_Feed&utm_medium=RSS,5
1704108783,"College Football Playoff Team Struggles to Sell Out National Championship Ticket Allotment","where's_the_Outrage?",1704063173,https://www.msn.com/en-us/sports/other/college-football-playoff-team-struggles-to-sell-out-national-championship-ticket-allotment/ar-AA1mhxwQ?ocid=msedgntp&pc=ACTS&cvid=51a865ed7c6147f4b920041295a549ab&ei=72,22
1704108783,"News Summary-Intelligence Report Sunday 12/31/2023 Newsdump Year End Specialty Infant Formula Recall, Appeals Court Reinstates California Gun Law, Trump: Make Washington DC ""Great Again"", Netanyahu Projects Long War",Nextrush,1704062666,https://nextrushfree.blogspot.com/2023/12/news-summary-intelligence-report-sunday.html,2
1704108783,"Shocking moment pro-Palestine protesters set off SMOKE BOMBS in Macys in New York City as protesters march through the Big Apple... but are steered away from Times Square ball drop",Libloather,1704061873,https://www.dailymail.co.uk/news/article-12915609/Palestine-protesters-march-midtown-NYPD-steps-security-Times-Square-New-Years-Eve-countdown.html,24
1704108783,"Pastor tried to push McDonald's cook's head into deep fryer: Police",simpson96,1704061724,https://biz.crast.net/pastor-tried-to-push-mcdonalds-cooks-head-into-deep-fryer-police/#google_vignette,19
1704108783,"CNN’s first shot after the ball drop appears to be an interracial gay kiss (ABC too)",janetjanet998,1704060924,https://rumble.com/v44guxu-cnns-first-shot-after-the-ball-drop-appears-to-be-an-interracial-gay-kiss.html,31
1704111019,"South Korea records its first trade deficit with China in 31 years",FarCenter,1704082142,https://asia.nikkei.com/Economy/Trade/South-Korea-records-its-first-trade-deficit-with-China-in-31-years,0
1704111019,"Massive earthquake strikes Japan, major tsunami warning issued for Ishikawa","spirited irish",1704080208,https://www3.nhk.or.jp/nhkworld/en/news/20240101_15/,3
1704111019,"Today’s Cryptogram","Apple Pan Dowdy",1704073801,"",6
1704111019,"The Jay Sekulow Band New Year's Eve Concert","Paul R.",1704072895,https://rumble.com/v44e6go-the-jay-sekulow-band-new-years-eve-concert.html,2
1704111019,"The Unbiblical Teachings of the Evangelical Lutheran Church in America","spirited irish",1704072814,https://patriotandliberty.com/the-unbiblical-teachings-of-the-evangelical-lutheran-church-in-america/,6
1704111019,"President Biden claims the US is in a better position than any country in the world - despite migrant crisis, crime and a struggling economy - as he speaks to Ryan Seacrest via satellite from a beach holiday St Croix",knighthawk,1704071969,https://www.dailymail.co.uk/news/article-12915849/President-Biden-claims-better-position-country-world-despite-migrant-crisis-crime-struggling-economy-speaks-Ryan-Seacrest-satellite-beach-holiday-St-Croix.html,17
1704111019,"Tyrant Xi Jinping warns that 'all Chinese on both sides of the Taiwan Strait' will be 'reunified' in sabre-rattling New Year message",knighthawk,1704071911,https://www.dailymail.co.uk/news/article-12914281/Tyrant-Xi-Jinping-warns-Chinese-sides-Taiwan-Strait-reunified.html,6
1704111019,"Tens of Thousands of Career “Civil Service” Administrators in Washington, DC, Apoplectic That Trump Might Fire Them","spirited irish",1704071620,https://patriotandliberty.com/tens-of-thousands-of-career-civil-service-administrators-in-washington-dc-apoplectic-that-trump-might-fire-them/,19
1704111019,"HAPPY NEW YEAR EVERYONE!",MeneMeneTekelUpharsin,1704070353,"",5
1704111020,"Abominable Snowman explanations – from ‘yeti DNA study’ to ‘brain phenomenon’ that leaves you convinced you’ve seen one",nickcarraway,1704069837,https://www.thesun.ie/tech/news-tech/11931071/abominable-snowman-explanation-yeti-dna-bear-theory/,9
1704111020,"Disney's earliest Mickey and Minnie Mouse enter public domain as US copyright expires",nickcarraway,1704068391,https://www.bbc.com/news/entertainment-arts-67833411,11
1704111020,"Tsunami Warning in Japan After Strong Earthquake",nickcarraway,1704068234,https://www.bbc.com/news/world-asia-67855990,5
1704111020,"Dave Chappelle Takes Aim at the Transgender Community Once More in New Netflix Special ‘The Dreamer’",nickcarraway,1704067081,https://pagesix.com/2023/12/31/entertainment/dave-chappelle-takes-aim-at-the-transgender-community-in-netflixs-the-dreamer/?_gl=1*1pystlx*_ga*MjA2ODU2NjIyOC4xNjk4OTg4NDUz*_ga_0DZ7LHF5PZ*MTcwNDA5NTA0MS4xNjkuMS4xNzA0MDk1MzY1LjAuMC4w&_ga=2.252841225.16053126,3
1704111020,"Did Ancient Egyptians Know Meteorites Came From Space?",SunkenCiv,1704066929,https://www.smithsonianmag.com/science-nature/do-hieroglyphic-texts-reveal-that-ancient-egyptians-knew-meteorites-came-from-the-sky-180983039/,4
1704111020,"Bill Clinton to Be Unmasked as ‘Doe 36’ and Identified More Than 50 Times in Jeffrey Epstein Doc Dump",nickcarraway,1704066489,https://nypost.com/2023/12/31/news/bill-clinton-to-be-identified-as-doe-36-and-named-over-50-times-in-upcoming-epstein-doc-dump/,13
1704111020,"7.4-magnitude earthquake hits western Japan, tsunami warnings in effect ",janetjanet998,1704066072,https://rumble.com/v44h53o-7.4-magnitude-earthquake-hits-western-japan-tsunami-warnings-in-effect.html,13
1704111020,"On New Year’s Eve, DeSantis urges crowd to defy odds and help him ‘win the Iowa caucuses’ ",McGruff,1704064948,https://www.washingtontimes.com/news/2023/dec/31/on-new-years-eve-ron-desantis-urges-crowd-to-defy-/?utm_source=RSS_Feed&utm_medium=RSS,6
1704111020,"College Football Playoff Team Struggles to Sell Out National Championship Ticket Allotment","where's_the_Outrage?",1704063173,https://www.msn.com/en-us/sports/other/college-football-playoff-team-struggles-to-sell-out-national-championship-ticket-allotment/ar-AA1mhxwQ?ocid=msedgntp&pc=ACTS&cvid=51a865ed7c6147f4b920041295a549ab&ei=72,25
1704111020,"News Summary-Intelligence Report Sunday 12/31/2023 Newsdump Year End Specialty Infant Formula Recall, Appeals Court Reinstates California Gun Law, Trump: Make Washington DC ""Great Again"", Netanyahu Projects Long War",Nextrush,1704062666,https://nextrushfree.blogspot.com/2023/12/news-summary-intelligence-report-sunday.html,2
1704111020,"Shocking moment pro-Palestine protesters set off SMOKE BOMBS in Macys in New York City as protesters march through the Big Apple... but are steered away from Times Square ball drop",Libloather,1704061873,https://www.dailymail.co.uk/news/article-12915609/Palestine-protesters-march-midtown-NYPD-steps-security-Times-Square-New-Years-Eve-countdown.html,24
1704113762,"Iran stations warship in Red Sea as US aircraft carrier leaves Middle East - analysis",bert,1704084780,https://www.jpost.com/middle-east/article-780294,0
1704113762,"Judge set to reveal 'disturbing' claims about Ghislaine Maxwell and Jeffrey Epstein by Prince Andrew sex accuser Johanna Sjoberg",Libloather,1704084490,https://www.dailymail.co.uk/news/article-12915437/Judge-reveal-claims-Ghislaine-Maxwell-Jeffrey-Epstein-Prince-Andrew-sex-accuser-Johanna-Sjoberg.html,1
1704113762,"Today's Toons 1/1/24",pookie18,1704083800,"https://www.gopbriefingroom.com/index.php/topic,521033.0.html",1
1704113762,"The PRC’s Aggression Is Happening Now Against the Philippines",MtnClimber,1704083357,https://amgreatness.com/2024/01/01/the-prcs-aggression-is-happening-now-against-the-philippines/,1
1704113762,"Massive 7.6-magnitude earthquake strikes Japan destroying buildings and trapping victims under rubble - as country braces for 16ft tsunami and terrified residents are told to flee to higher ground",Morgana,1704082721,https://www.dailymail.co.uk/news/article-12915907/Tsunami-warning-7-4-magnitude-earthquake-Japan.html,6
1704113762,"At least five people are injured after male driver, 44, being chased by cops plows into New Year's Eve revelers near NYC's Madison Square Garden just as crowds left Times Square after watching the ball drop",Libloather,1704082586,https://www.dailymail.co.uk/news/article-12915939/At-nine-people-injured-including-one-critically-car-plows-New-Years-Eve-revelers-cops-near-Madison-Square-Garden.html,3
1704113762,"South Korea records its first trade deficit with China in 31 years",FarCenter,1704082142,https://asia.nikkei.com/Economy/Trade/South-Korea-records-its-first-trade-deficit-with-China-in-31-years,1
1704113762,"Massive earthquake strikes Japan, major tsunami warning issued for Ishikawa","spirited irish",1704080208,https://www3.nhk.or.jp/nhkworld/en/news/20240101_15/,4
1704113762,"Today’s Cryptogram","Apple Pan Dowdy",1704073801,"",8
1704113762,"The Jay Sekulow Band New Year's Eve Concert","Paul R.",1704072895,https://rumble.com/v44e6go-the-jay-sekulow-band-new-years-eve-concert.html,2
1704113762,"The Unbiblical Teachings of the Evangelical Lutheran Church in America","spirited irish",1704072814,https://patriotandliberty.com/the-unbiblical-teachings-of-the-evangelical-lutheran-church-in-america/,10
1704113762,"President Biden claims the US is in a better position than any country in the world - despite migrant crisis, crime and a struggling economy - as he speaks to Ryan Seacrest via satellite from a beach holiday St Croix",knighthawk,1704071969,https://www.dailymail.co.uk/news/article-12915849/President-Biden-claims-better-position-country-world-despite-migrant-crisis-crime-struggling-economy-speaks-Ryan-Seacrest-satellite-beach-holiday-St-Croix.html,26
1704113762,"Tyrant Xi Jinping warns that 'all Chinese on both sides of the Taiwan Strait' will be 'reunified' in sabre-rattling New Year message",knighthawk,1704071911,https://www.dailymail.co.uk/news/article-12914281/Tyrant-Xi-Jinping-warns-Chinese-sides-Taiwan-Strait-reunified.html,6
1704113762,"HAPPY NEW YEAR EVERYONE!",MeneMeneTekelUpharsin,1704070353,"",5
1704113762,"Abominable Snowman explanations – from ‘yeti DNA study’ to ‘brain phenomenon’ that leaves you convinced you’ve seen one",nickcarraway,1704069837,https://www.thesun.ie/tech/news-tech/11931071/abominable-snowman-explanation-yeti-dna-bear-theory/,9
1704113762,"Disney's earliest Mickey and Minnie Mouse enter public domain as US copyright expires",nickcarraway,1704068391,https://www.bbc.com/news/entertainment-arts-67833411,14
1704113762,"Tsunami Warning in Japan After Strong Earthquake",nickcarraway,1704068234,https://www.bbc.com/news/world-asia-67855990,5
1704113762,"Dave Chappelle Takes Aim at the Transgender Community Once More in New Netflix Special ‘The Dreamer’",nickcarraway,1704067081,https://pagesix.com/2023/12/31/entertainment/dave-chappelle-takes-aim-at-the-transgender-community-in-netflixs-the-dreamer/?_gl=1*1pystlx*_ga*MjA2ODU2NjIyOC4xNjk4OTg4NDUz*_ga_0DZ7LHF5PZ*MTcwNDA5NTA0MS4xNjkuMS4xNzA0MDk1MzY1LjAuMC4w&_ga=2.252841225.16053126,4
1704113762,"Did Ancient Egyptians Know Meteorites Came From Space?",SunkenCiv,1704066929,https://www.smithsonianmag.com/science-nature/do-hieroglyphic-texts-reveal-that-ancient-egyptians-knew-meteorites-came-from-the-sky-180983039/,6
1704113762,"Bill Clinton to Be Unmasked as ‘Doe 36’ and Identified More Than 50 Times in Jeffrey Epstein Doc Dump",nickcarraway,1704066489,https://nypost.com/2023/12/31/news/bill-clinton-to-be-identified-as-doe-36-and-named-over-50-times-in-upcoming-epstein-doc-dump/,18
1704116709,"Commitment to God's Standards - Protestant Caucus/Devotional",metmom,1704087614,https://www.gty.org/library/devotionals/strength-for-today,1
1704116709,"Bidenomics Bogus Will Unravel In 2024",MtnClimber,1704087262,https://amgreatness.com/2023/12/30/bidenomics-bogus-will-unravel-in-2024/,2
1704116709,"America Prayer Vigil - January 1, 2024",metmom,1704087204,https://freerepublic.com,3
1704116709,"Threat Matrix 2024",Godzilla,1704085522,"",4
1704116709,"Psychopathy and the Origins of Totalitarianism (A Very Important Paper to Understand where We are Today)",MtnClimber,1704084998,https://newdiscourses.com/2020/12/psychopathy-origins-totalitarianism/,12
1704116709,"Iran stations warship in Red Sea as US aircraft carrier leaves Middle East - analysis",bert,1704084780,https://www.jpost.com/middle-east/article-780294,12
1704116709,"Judge set to reveal 'disturbing' claims about Ghislaine Maxwell and Jeffrey Epstein by Prince Andrew sex accuser Johanna Sjoberg",Libloather,1704084490,https://www.dailymail.co.uk/news/article-12915437/Judge-reveal-claims-Ghislaine-Maxwell-Jeffrey-Epstein-Prince-Andrew-sex-accuser-Johanna-Sjoberg.html,2
1704116709,"Today's Toons 1/1/24",pookie18,1704083800,"https://www.gopbriefingroom.com/index.php/topic,521033.0.html",1
1704116709,"The PRC’s Aggression Is Happening Now Against the Philippines",MtnClimber,1704083357,https://amgreatness.com/2024/01/01/the-prcs-aggression-is-happening-now-against-the-philippines/,6
1704116709,"Massive 7.6-magnitude earthquake strikes Japan destroying buildings and trapping victims under rubble - as country braces for 16ft tsunami and terrified residents are told to flee to higher ground",Morgana,1704082721,https://www.dailymail.co.uk/news/article-12915907/Tsunami-warning-7-4-magnitude-earthquake-Japan.html,9
1704116709,"At least five people are injured after male driver, 44, being chased by cops plows into New Year's Eve revelers near NYC's Madison Square Garden just as crowds left Times Square after watching the ball drop",Libloather,1704082586,https://www.dailymail.co.uk/news/article-12915939/At-nine-people-injured-including-one-critically-car-plows-New-Years-Eve-revelers-cops-near-Madison-Square-Garden.html,3
1704116709,"South Korea records its first trade deficit with China in 31 years",FarCenter,1704082142,https://asia.nikkei.com/Economy/Trade/South-Korea-records-its-first-trade-deficit-with-China-in-31-years,6
1704116709,"Massive earthquake strikes Japan, major tsunami warning issued for Ishikawa","spirited irish",1704080208,https://www3.nhk.or.jp/nhkworld/en/news/20240101_15/,5
1704116709,"Today’s Cryptogram","Apple Pan Dowdy",1704073801,"",11
1704116709,"The Jay Sekulow Band New Year's Eve Concert","Paul R.",1704072895,https://rumble.com/v44e6go-the-jay-sekulow-band-new-years-eve-concert.html,2
1704116709,"The Unbiblical Teachings of the Evangelical Lutheran Church in America","spirited irish",1704072814,https://patriotandliberty.com/the-unbiblical-teachings-of-the-evangelical-lutheran-church-in-america/,14
1704116709,"President Biden claims the US is in a better position than any country in the world - despite migrant crisis, crime and a struggling economy - as he speaks to Ryan Seacrest via satellite from a beach holiday St Croix",knighthawk,1704071969,https://www.dailymail.co.uk/news/article-12915849/President-Biden-claims-better-position-country-world-despite-migrant-crisis-crime-struggling-economy-speaks-Ryan-Seacrest-satellite-beach-holiday-St-Croix.html,34
1704116709,"Tyrant Xi Jinping warns that 'all Chinese on both sides of the Taiwan Strait' will be 'reunified' in sabre-rattling New Year message",knighthawk,1704071911,https://www.dailymail.co.uk/news/article-12914281/Tyrant-Xi-Jinping-warns-Chinese-sides-Taiwan-Strait-reunified.html,6
1704116709,"HAPPY NEW YEAR EVERYONE!",MeneMeneTekelUpharsin,1704070353,"",9
1704116709,"Abominable Snowman explanations – from ‘yeti DNA study’ to ‘brain phenomenon’ that leaves you convinced you’ve seen one",nickcarraway,1704069837,https://www.thesun.ie/tech/news-tech/11931071/abominable-snowman-explanation-yeti-dna-bear-theory/,10
1704120101,"Thread trashes Ohio Gov. Mike DeWine for vetoing 'anti-trans' legislation",NetAddicted,1704091296,https://twitchy.com/brettt/2023/12/30/thread-trashes-ohio-gov-mike-dewine-for-vetoing-anti-trans-legislation-n2391255,0
1704120101,"Monday War Room 2024, 10-Noon & 5-7pmET",4Liberty,1704091219,https://americasvoice.news,0
1704120101,"WATCH: Netflix’s Top Kids Show Features Boy In Tutu Dancing For His Two Dads","Jeff Chandler",1704091050,https://www.dailywire.com/news/watch-netflixs-top-kids-show-features-boy-in-tutu-dancing-for-his-two-dads?utm_campaign=bentkey&utm_medium=paid&utm_source=facebook&utm_content=creative02288_subscriptions&fbclid=IwAR0Uyc7hyuQwamJ8IfQooUBLfeVZK0nv2icch2cPIbu,0
1704120101,"Sununu Says Christie Should Drop Out Ahead of New Hampshire Primary",cotton1706,1704090431,https://www.nytimes.com/2023/12/31/us/politics/sununu-says-christie-should-drop-out-ahead-of-new-hampshire-primary.html,1
1704120101,"The 'Effective Accelerationism' movement doesn't care if humans are replaced by AI as long as they're there to make money from it",RoosterRedux,1704089883,https://www.msn.com/en-us/money/technology/the-effective-accelerationism-movement-doesnt-care-if-humans-are-replaced-by-ai-as-long-as-theyre-there-to-make-money-from-it/ar-AA1mfX2C,8
1704120101,"The 10 Senate seats most likely to flip in 2024",DIRTYSECRET,1704089819,https://www.yahoo.com/news/10-senate-seats-most-likely-100025381.html,2
1704120101,"Heading into 2024, here are six biblical truths Evangelicals need to embrace when it comes to Israel and the Arab/Muslim world",Roman_War_Criminal,1704089803,https://allisrael.com/heading-into-2024-here-are-six-biblical-truths-evangelicals-need-to-embrace-when-it-comes-to-israel-and-the-arab-muslim-world,1
1704120101,"The Senate Is Turning More MAGA ― And It Could Boost A 2nd Trump Presidency",cotton1706,1704089780,https://www.msn.com/en-us/news/politics/the-senate-is-turning-more-maga-and-it-could-boost-a-2nd-trump-presidency/ar-AA1miGVp,12
1704120101,"Nigeria massacre sees over 100 Christians dead: ‘Killed for sport’",george76,1704089763,"https://nypost.com/2023/12/30/news/nigeria-christmas-massacre-sees-over-100-christians-dead-killed-for-sport/ ",8
1704120101,"Report: Tony Blair to promote emigration of Gazans to other countries",Roman_War_Criminal,1704089541,https://www.israelnationalnews.com/news/382849,9
1704120101,"You’re Not Antisemitic? Sure?",Roman_War_Criminal,1704089350,https://www.algemeiner.com/2023/12/31/youre-not-antisemitic-sure/,4
1704120101,"FL: Suspected teenage home invader shot, critically injured in Lake County",marktwain,1704089234,https://www.wesh.com/article/teeange-home-invader-shot-lake-county/46250159,4
1704120101,"Israel expands scope of fight against Hezbollah, Iran",Roman_War_Criminal,1704089211,https://www.ynetnews.com/article/rjsyk5rwa,1
1704120101,"DEI is on the run",Rummyfan,1704089131,https://www.washingtonexaminer.com/opinion/editorials/dei-is-on-the-run,10
1704120101,"The War Grinds On",Roman_War_Criminal,1704088951,https://www.raptureready.com/2023/12/30/the-war-grinds-on-by-daymond-duck/,1
1704120101,"Pray For The Peace of Jerusalem(1/1/24)[Prayer]","left that other site",1704088862,"",1
1704120101,"Update from Ukraine | Ukraine Targeted VIP Ruzzain officers in Donetsk | Great start of 2024",UMCRevMom@aol.com,1704088795,https://www.youtube.com/watch?v=5KSqTdRPd9I,24
1704120101,"Wife, Mother, Extremist",Twotone,1704088298,https://www.prageru.com/video/wife-mother-extremist?utm_source=Iterable&utm_medium=email&utm_campaign=campaign_8659469,4
1704120101,"Commitment to God's Standards - Protestant Caucus/Devotional",metmom,1704087614,https://www.gty.org/library/devotionals/strength-for-today,3
1704120101,"Bidenomics Bogus Will Unravel In 2024",MtnClimber,1704087262,https://amgreatness.com/2023/12/30/bidenomics-bogus-will-unravel-in-2024/,13
1704122638,"Joe Biden, America’s Agent of Chaos","Rev M. Bresciani",1704093727,https://new.americanprophet.org/joe-biden-americas-agent-of-chaos/,0
1704122638,"A Reckoning Approaches-Goodbye, 2023; Hello, 2024.",SJackson,1704092790,https://www.frontpagemag.com/a-reckoning-approaches/,7
1704122638,"2023 National Household Survey on DisasterPreparedness",FreedomPoster,1704092731,https://fema-community-files.s3.amazonaws.com/2023-National-Household-Survey.pdf,6
1704122638,"U.N. Says Mind Your Language — ‘No Such Thing as a Natural Disaster’",ChicagoConservative27,1704092572,https://www.breitbart.com/europe/2024/01/01/u-n-says-mind-your-language-no-such-thing-as-a-natural-disaster/,18
1704122638,"Report: Joe Biden Spent 37% of 2023 Enjoying a Getaway Spot",ChicagoConservative27,1704092249,https://www.breitbart.com/politics/2024/01/01/report-joe-biden-spent-37-of-2023-enjoying-a-getaway-spot/,6
1704122638,"THE ARMY AT CHATTANOOGA: Gen. Grant on the Conduct of the War; Close of the East Tennessee Campaign (1/1/1864)",Homer_J_Simpson,1704091820,"https://www.nytimes.com/1864/01/01/archives/the-army-at-chattanooga-gen-grant-on-the-conduct-of-the-war-close-o.html?searchResultPosition=1 ",2
1704122638,"Thread trashes Ohio Gov. Mike DeWine for vetoing 'anti-trans' legislation",NetAddicted,1704091296,https://twitchy.com/brettt/2023/12/30/thread-trashes-ohio-gov-mike-dewine-for-vetoing-anti-trans-legislation-n2391255,12
1704122638,"Monday War Room 2024, 10-Noon & 5-7pmET",4Liberty,1704091219,https://americasvoice.news,3
1704122638,"WATCH: Netflix’s Top Kids Show Features Boy In Tutu Dancing For His Two Dads","Jeff Chandler",1704091050,https://www.dailywire.com/news/watch-netflixs-top-kids-show-features-boy-in-tutu-dancing-for-his-two-dads?utm_campaign=bentkey&utm_medium=paid&utm_source=facebook&utm_content=creative02288_subscriptions&fbclid=IwAR0Uyc7hyuQwamJ8IfQooUBLfeVZK0nv2icch2cPIbu,10
1704122638,"Sununu Says Christie Should Drop Out Ahead of New Hampshire Primary",cotton1706,1704090431,https://www.nytimes.com/2023/12/31/us/politics/sununu-says-christie-should-drop-out-ahead-of-new-hampshire-primary.html,9
1704122638,"The 'Effective Accelerationism' movement doesn't care if humans are replaced by AI as long as they're there to make money from it",RoosterRedux,1704089883,https://www.msn.com/en-us/money/technology/the-effective-accelerationism-movement-doesnt-care-if-humans-are-replaced-by-ai-as-long-as-theyre-there-to-make-money-from-it/ar-AA1mfX2C,20
1704122638,"The 10 Senate seats most likely to flip in 2024",DIRTYSECRET,1704089819,https://www.yahoo.com/news/10-senate-seats-most-likely-100025381.html,11
1704122638,"Heading into 2024, here are six biblical truths Evangelicals need to embrace when it comes to Israel and the Arab/Muslim world",Roman_War_Criminal,1704089803,https://allisrael.com/heading-into-2024-here-are-six-biblical-truths-evangelicals-need-to-embrace-when-it-comes-to-israel-and-the-arab-muslim-world,2
1704122638,"The Senate Is Turning More MAGA ― And It Could Boost A 2nd Trump Presidency",cotton1706,1704089780,https://www.msn.com/en-us/news/politics/the-senate-is-turning-more-maga-and-it-could-boost-a-2nd-trump-presidency/ar-AA1miGVp,19
1704122638,"Nigeria massacre sees over 100 Christians dead: ‘Killed for sport’",george76,1704089763,"https://nypost.com/2023/12/30/news/nigeria-christmas-massacre-sees-over-100-christians-dead-killed-for-sport/ ",13
1704122638,"Report: Tony Blair to promote emigration of Gazans to other countries",Roman_War_Criminal,1704089541,https://www.israelnationalnews.com/news/382849,9
1704122638,"You’re Not Antisemitic? Sure?",Roman_War_Criminal,1704089350,https://www.algemeiner.com/2023/12/31/youre-not-antisemitic-sure/,8
1704122638,"FL: Suspected teenage home invader shot, critically injured in Lake County",marktwain,1704089234,https://www.wesh.com/article/teeange-home-invader-shot-lake-county/46250159,10
1704122638,"Israel expands scope of fight against Hezbollah, Iran",Roman_War_Criminal,1704089211,https://www.ynetnews.com/article/rjsyk5rwa,1
1704122638,"DEI is on the run",Rummyfan,1704089131,https://www.washingtonexaminer.com/opinion/editorials/dei-is-on-the-run,19
1704125181,"PD: Kids hospitalized after unknowingly eating gelato with THC at Valley restaurant",Beowulf9,1704096178,https://www.abc15.com/news/local-news/investigations/pd-kids-hospitalized-after-unknowingly-eating-gelato-with-thc-at-valley-restaurant,0
1704125181,"Kapow! A New Summary, Analysis, and Video Report | PROOF Obama’s Birth Certificate is Fake | by Wolves And Finance","CDR Kerchner",1704096177,https://www.youtube.com/watch?v=dOP5Y9OUJyk,0
1704125181,"3-time NASCAR Cup Series champion Cale Yarborough dies",airdalecheif,1704095560,https://sports.yahoo.com/3-time-nascar-cup-series-champion-cale-yarborough-dies-152511347.html,4
1704125181,"Woo hoo!! And our 1st quarter 2024 FReepathon is now underway!!","Chris Robinson",1704094781,"",1
1704125181,"Bates College Faculty Subjected To ‘Toxic’ DEI Struggle Sessions By Administrators",george76,1704094231,"https://thefederalist.com/2023/12/28/bates-college-faculty-subjected-to-toxic-dei-struggle-sessions-by-administrators/ ",18
1704125181,"Joe Biden, America’s Agent of Chaos","Rev M. Bresciani",1704093727,https://new.americanprophet.org/joe-biden-americas-agent-of-chaos/,15
1704125181,"A Reckoning Approaches-Goodbye, 2023; Hello, 2024.",SJackson,1704092790,https://www.frontpagemag.com/a-reckoning-approaches/,14
1704125181,"2023 National Household Survey on DisasterPreparedness",FreedomPoster,1704092731,https://fema-community-files.s3.amazonaws.com/2023-National-Household-Survey.pdf,14
1704125181,"U.N. Says Mind Your Language — ‘No Such Thing as a Natural Disaster’",ChicagoConservative27,1704092572,https://www.breitbart.com/europe/2024/01/01/u-n-says-mind-your-language-no-such-thing-as-a-natural-disaster/,32
1704125181,"Report: Joe Biden Spent 37% of 2023 Enjoying a Getaway Spot",ChicagoConservative27,1704092249,https://www.breitbart.com/politics/2024/01/01/report-joe-biden-spent-37-of-2023-enjoying-a-getaway-spot/,14
1704125181,"THE ARMY AT CHATTANOOGA: Gen. Grant on the Conduct of the War; Close of the East Tennessee Campaign (1/1/1864)",Homer_J_Simpson,1704091820,"https://www.nytimes.com/1864/01/01/archives/the-army-at-chattanooga-gen-grant-on-the-conduct-of-the-war-close-o.html?searchResultPosition=1 ",3
1704125181,"Thread trashes Ohio Gov. Mike DeWine for vetoing 'anti-trans' legislation",NetAddicted,1704091296,https://twitchy.com/brettt/2023/12/30/thread-trashes-ohio-gov-mike-dewine-for-vetoing-anti-trans-legislation-n2391255,14
1704125181,"Monday War Room 2024, 10-Noon & 5-7pmET",4Liberty,1704091219,https://americasvoice.news,9
1704125181,"WATCH: Netflix’s Top Kids Show Features Boy In Tutu Dancing For His Two Dads","Jeff Chandler",1704091050,https://www.dailywire.com/news/watch-netflixs-top-kids-show-features-boy-in-tutu-dancing-for-his-two-dads?utm_campaign=bentkey&utm_medium=paid&utm_source=facebook&utm_content=creative02288_subscriptions&fbclid=IwAR0Uyc7hyuQwamJ8IfQooUBLfeVZK0nv2icch2cPIbu,19
1704125181,"Sununu Says Christie Should Drop Out Ahead of New Hampshire Primary",cotton1706,1704090431,https://www.nytimes.com/2023/12/31/us/politics/sununu-says-christie-should-drop-out-ahead-of-new-hampshire-primary.html,16
1704125181,"The 'Effective Accelerationism' movement doesn't care if humans are replaced by AI as long as they're there to make money from it",RoosterRedux,1704089883,https://www.msn.com/en-us/money/technology/the-effective-accelerationism-movement-doesnt-care-if-humans-are-replaced-by-ai-as-long-as-theyre-there-to-make-money-from-it/ar-AA1mfX2C,29
1704125181,"The 10 Senate seats most likely to flip in 2024",DIRTYSECRET,1704089819,https://www.yahoo.com/news/10-senate-seats-most-likely-100025381.html,21
1704125181,"Heading into 2024, here are six biblical truths Evangelicals need to embrace when it comes to Israel and the Arab/Muslim world",Roman_War_Criminal,1704089803,https://allisrael.com/heading-into-2024-here-are-six-biblical-truths-evangelicals-need-to-embrace-when-it-comes-to-israel-and-the-arab-muslim-world,3
1704125181,"The Senate Is Turning More MAGA ― And It Could Boost A 2nd Trump Presidency",cotton1706,1704089780,https://www.msn.com/en-us/news/politics/the-senate-is-turning-more-maga-and-it-could-boost-a-2nd-trump-presidency/ar-AA1miGVp,23
1704125181,"Nigeria massacre sees over 100 Christians dead: ‘Killed for sport’",george76,1704089763,"https://nypost.com/2023/12/30/news/nigeria-christmas-massacre-sees-over-100-christians-dead-killed-for-sport/ ",18
1704128224,"[Catholic Caucus] My Catholic life! The Mother of Jesus is the Mother of God - Monday, January 1, 2024 - Catholic Caucus/Devotional",fidelis,1704097868,https://www.youtube.com/watch?v=15XR3i7jCs0,1
1704128224,"Migrants Bused to New Jersey Take Trains to NYC","Blood of Tyrants",1704097584,https://www.newsmax.com/newsfront/migrants-bused-new-jersey/2024/01/01/id/1147799/,21
1704128224,"PD: Kids hospitalized after unknowingly eating gelato with THC at Valley restaurant",Beowulf9,1704096178,https://www.abc15.com/news/local-news/investigations/pd-kids-hospitalized-after-unknowingly-eating-gelato-with-thc-at-valley-restaurant,12
1704128224,"Kapow! A New Summary, Analysis, and Video Report | PROOF Obama’s Birth Certificate is Fake | by Wolves And Finance","CDR Kerchner",1704096177,https://www.youtube.com/watch?v=dOP5Y9OUJyk,44
1704128224,"3-time NASCAR Cup Series champion Cale Yarborough dies",airdalecheif,1704095560,https://sports.yahoo.com/3-time-nascar-cup-series-champion-cale-yarborough-dies-152511347.html,15
1704128224,"Woo hoo!! And our 1st quarter 2024 FReepathon is now underway!!","Chris Robinson",1704094781,"",1
1704128224,"Bates College Faculty Subjected To ‘Toxic’ DEI Struggle Sessions By Administrators",george76,1704094231,"https://thefederalist.com/2023/12/28/bates-college-faculty-subjected-to-toxic-dei-struggle-sessions-by-administrators/ ",22
1704128224,"Joe Biden, America’s Agent of Chaos","Rev M. Bresciani",1704093727,https://new.americanprophet.org/joe-biden-americas-agent-of-chaos/,18
1704128224,"A Reckoning Approaches-Goodbye, 2023; Hello, 2024.",SJackson,1704092790,https://www.frontpagemag.com/a-reckoning-approaches/,30
1704128224,"2023 National Household Survey on DisasterPreparedness",FreedomPoster,1704092731,https://fema-community-files.s3.amazonaws.com/2023-National-Household-Survey.pdf,20
1704128224,"U.N. Says Mind Your Language — ‘No Such Thing as a Natural Disaster’",ChicagoConservative27,1704092572,https://www.breitbart.com/europe/2024/01/01/u-n-says-mind-your-language-no-such-thing-as-a-natural-disaster/,46
1704128224,"Report: Joe Biden Spent 37% of 2023 Enjoying a Getaway Spot",ChicagoConservative27,1704092249,https://www.breitbart.com/politics/2024/01/01/report-joe-biden-spent-37-of-2023-enjoying-a-getaway-spot/,16
1704128224,"THE ARMY AT CHATTANOOGA: Gen. Grant on the Conduct of the War; Close of the East Tennessee Campaign (1/1/1864)",Homer_J_Simpson,1704091820,"https://www.nytimes.com/1864/01/01/archives/the-army-at-chattanooga-gen-grant-on-the-conduct-of-the-war-close-o.html?searchResultPosition=1 ",3
1704128224,"Thread trashes Ohio Gov. Mike DeWine for vetoing 'anti-trans' legislation",NetAddicted,1704091296,https://twitchy.com/brettt/2023/12/30/thread-trashes-ohio-gov-mike-dewine-for-vetoing-anti-trans-legislation-n2391255,22
1704128224,"Monday War Room 2024, 10-Noon & 5-7pmET",4Liberty,1704091219,https://americasvoice.news,12
1704128224,"WATCH: Netflix’s Top Kids Show Features Boy In Tutu Dancing For His Two Dads","Jeff Chandler",1704091050,https://www.dailywire.com/news/watch-netflixs-top-kids-show-features-boy-in-tutu-dancing-for-his-two-dads?utm_campaign=bentkey&utm_medium=paid&utm_source=facebook&utm_content=creative02288_subscriptions&fbclid=IwAR0Uyc7hyuQwamJ8IfQooUBLfeVZK0nv2icch2cPIbu,22
1704128224,"Sununu Says Christie Should Drop Out Ahead of New Hampshire Primary",cotton1706,1704090431,https://www.nytimes.com/2023/12/31/us/politics/sununu-says-christie-should-drop-out-ahead-of-new-hampshire-primary.html,29
1704128224,"The 'Effective Accelerationism' movement doesn't care if humans are replaced by AI as long as they're there to make money from it",RoosterRedux,1704089883,https://www.msn.com/en-us/money/technology/the-effective-accelerationism-movement-doesnt-care-if-humans-are-replaced-by-ai-as-long-as-theyre-there-to-make-money-from-it/ar-AA1mfX2C,32
1704128224,"The 10 Senate seats most likely to flip in 2024",DIRTYSECRET,1704089819,https://www.yahoo.com/news/10-senate-seats-most-likely-100025381.html,30
1704128224,"Heading into 2024, here are six biblical truths Evangelicals need to embrace when it comes to Israel and the Arab/Muslim world",Roman_War_Criminal,1704089803,https://allisrael.com/heading-into-2024-here-are-six-biblical-truths-evangelicals-need-to-embrace-when-it-comes-to-israel-and-the-arab-muslim-world,3
1704131308,"Catholic Caucus: Daily Mass Readings xx-January-2024",annalex,1704101708,https://universalis.com/usa/20240101/mass.htm,6
1704131308,"Biden-Harris Hostage Crisis - Day 86 [America Surrendered]",Reno89519,1704099505,https://freerepublic.com/,16
1704131308,"[Catholic Caucus] My Catholic life! The Mother of Jesus is the Mother of God - Monday, January 1, 2024 - Catholic Caucus/Devotional",fidelis,1704097868,https://www.youtube.com/watch?v=15XR3i7jCs0,1
1704131308,"Migrants Bused to New Jersey Take Trains to NYC","Blood of Tyrants",1704097584,https://www.newsmax.com/newsfront/migrants-bused-new-jersey/2024/01/01/id/1147799/,40
1704131308,"PD: Kids hospitalized after unknowingly eating gelato with THC at Valley restaurant",Beowulf9,1704096178,https://www.abc15.com/news/local-news/investigations/pd-kids-hospitalized-after-unknowingly-eating-gelato-with-thc-at-valley-restaurant,20
1704131308,"Kapow! A New Summary, Analysis, and Video Report | PROOF Obama’s Birth Certificate is Fake | by Wolves And Finance","CDR Kerchner",1704096177,https://www.youtube.com/watch?v=dOP5Y9OUJyk,78
1704131308,"3-time NASCAR Cup Series champion Cale Yarborough dies",airdalecheif,1704095560,https://sports.yahoo.com/3-time-nascar-cup-series-champion-cale-yarborough-dies-152511347.html,24
1704131308,"Woo hoo!! And our 1st quarter 2024 FReepathon is now underway!!","Chris Robinson",1704094781,"",2
1704131308,"Bates College Faculty Subjected To ‘Toxic’ DEI Struggle Sessions By Administrators",george76,1704094231,"https://thefederalist.com/2023/12/28/bates-college-faculty-subjected-to-toxic-dei-struggle-sessions-by-administrators/ ",28
1704131308,"Joe Biden, America’s Agent of Chaos","Rev M. Bresciani",1704093727,https://new.americanprophet.org/joe-biden-americas-agent-of-chaos/,22
1704131308,"A Reckoning Approaches-Goodbye, 2023; Hello, 2024.",SJackson,1704092790,https://www.frontpagemag.com/a-reckoning-approaches/,40
1704131308,"2023 National Household Survey on DisasterPreparedness",FreedomPoster,1704092731,https://fema-community-files.s3.amazonaws.com/2023-National-Household-Survey.pdf,37
1704131308,"U.N. Says Mind Your Language — ‘No Such Thing as a Natural Disaster’",ChicagoConservative27,1704092572,https://www.breitbart.com/europe/2024/01/01/u-n-says-mind-your-language-no-such-thing-as-a-natural-disaster/,59
1704131308,"Report: Joe Biden Spent 37% of 2023 Enjoying a Getaway Spot",ChicagoConservative27,1704092249,https://www.breitbart.com/politics/2024/01/01/report-joe-biden-spent-37-of-2023-enjoying-a-getaway-spot/,18
1704131308,"THE ARMY AT CHATTANOOGA: Gen. Grant on the Conduct of the War; Close of the East Tennessee Campaign (1/1/1864)",Homer_J_Simpson,1704091820,"https://www.nytimes.com/1864/01/01/archives/the-army-at-chattanooga-gen-grant-on-the-conduct-of-the-war-close-o.html?searchResultPosition=1 ",3
1704131308,"Thread trashes Ohio Gov. Mike DeWine for vetoing 'anti-trans' legislation",NetAddicted,1704091296,https://twitchy.com/brettt/2023/12/30/thread-trashes-ohio-gov-mike-dewine-for-vetoing-anti-trans-legislation-n2391255,24
1704131308,"Monday War Room 2024, 10-Noon & 5-7pmET",4Liberty,1704091219,https://americasvoice.news,13
1704131308,"WATCH: Netflix’s Top Kids Show Features Boy In Tutu Dancing For His Two Dads","Jeff Chandler",1704091050,https://www.dailywire.com/news/watch-netflixs-top-kids-show-features-boy-in-tutu-dancing-for-his-two-dads?utm_campaign=bentkey&utm_medium=paid&utm_source=facebook&utm_content=creative02288_subscriptions&fbclid=IwAR0Uyc7hyuQwamJ8IfQooUBLfeVZK0nv2icch2cPIbu,26
1704131308,"Sununu Says Christie Should Drop Out Ahead of New Hampshire Primary",cotton1706,1704090431,https://www.nytimes.com/2023/12/31/us/politics/sununu-says-christie-should-drop-out-ahead-of-new-hampshire-primary.html,33
1704131308,"The 'Effective Accelerationism' movement doesn't care if humans are replaced by AI as long as they're there to make money from it",RoosterRedux,1704089883,https://www.msn.com/en-us/money/technology/the-effective-accelerationism-movement-doesnt-care-if-humans-are-replaced-by-ai-as-long-as-theyre-there-to-make-money-from-it/ar-AA1mfX2C,36
1704134084,"“Nobody Asked You” — Ron DeSantis Gets Roasted After Saying He Has “Categorically Ruled Out” Being Donald Trump’s Vice President",backpacker_c,1704104678,https://www.thegatewaypundit.com/2023/12/nobody-asked-you-ron-desantis-gets-roasted-after/,0
1704134084,"Biden has to be reminded by Jill that ice cream is his favorite food during rare interview",ChicagoConservative27,1704104391,https://nypost.com/2024/01/01/news/biden-has-to-be-reminded-by-jill-that-ice-cream-is-fav-food-during-rare-interview/,11
1704134084,"Zelensky Vows Russia Will Feel ‘Wrath’ of Ukraine With Arrival of Western F-16 Fighter Jets in New Year",ChicagoConservative27,1704103890,https://www.breitbart.com/europe/2024/01/01/zelensky-vows-russia-will-feel-wrath-of-ukraine-with-arrival-of-western-f-16-fighter-jets-in-new-year/,12
1704134084,"Biden Stronger than Folks Realize [semi-satire]","John Semmens",1704103570,"https://www.gopbriefingroom.com/index.php/topic,520870.0.html",7
1704134084,"Here are the best movies to watch on New Year’s Eve — yes, ‘The Godfather Part II’ counts",DoodleBob,1704103211,https://nypost.com/2023/12/29/entertainment/best-movies-to-watch-on-new-years-eve/,9
1704134084,"Supreme Court strikes down Reasonableness Standard Law, overturning a Basic Law Israel's Supreme Court makes historic move....",Nextrush,1704102650,https://israelnationalnews.com/news/382899,13
1704134084,"10-year-old shoots, kills another 10-year-old with father’s stolen gun, Sacramento sheriff says",artichokegrower,1704102530,https://www.kcra.com/article/sacramento-county-sheriffs-office-investigates-possible-shooting/46256235,11
1704134084,"Catholic Caucus: Daily Mass Readings xx-January-2024",annalex,1704101708,https://universalis.com/usa/20240101/mass.htm,9
1704134084,"Biden-Harris Hostage Crisis - Day 86 [America Surrendered]",Reno89519,1704099505,https://freerepublic.com/,21
1704134084,"[Catholic Caucus] My Catholic life! The Mother of Jesus is the Mother of God - Monday, January 1, 2024 - Catholic Caucus/Devotional",fidelis,1704097868,https://www.youtube.com/watch?v=15XR3i7jCs0,2
1704134084,"Migrants Bused to New Jersey Take Trains to NYC","Blood of Tyrants",1704097584,https://www.newsmax.com/newsfront/migrants-bused-new-jersey/2024/01/01/id/1147799/,49
1704134084,"PD: Kids hospitalized after unknowingly eating gelato with THC at Valley restaurant",Beowulf9,1704096178,https://www.abc15.com/news/local-news/investigations/pd-kids-hospitalized-after-unknowingly-eating-gelato-with-thc-at-valley-restaurant,27
1704134084,"Kapow! A New Summary, Analysis, and Video Report | PROOF Obama’s Birth Certificate is Fake | by Wolves And Finance","CDR Kerchner",1704096177,https://www.youtube.com/watch?v=dOP5Y9OUJyk,97
1704134084,"3-time NASCAR Cup Series champion Cale Yarborough dies",airdalecheif,1704095560,https://sports.yahoo.com/3-time-nascar-cup-series-champion-cale-yarborough-dies-152511347.html,33
1704134084,"Woo hoo!! And our 1st quarter 2024 FReepathon is now underway!!","Chris Robinson",1704094781,"",3
1704134084,"Bates College Faculty Subjected To ‘Toxic’ DEI Struggle Sessions By Administrators",george76,1704094231,"https://thefederalist.com/2023/12/28/bates-college-faculty-subjected-to-toxic-dei-struggle-sessions-by-administrators/ ",28
1704134084,"Joe Biden, America’s Agent of Chaos","Rev M. Bresciani",1704093727,https://new.americanprophet.org/joe-biden-americas-agent-of-chaos/,23
1704134084,"A Reckoning Approaches-Goodbye, 2023; Hello, 2024.",SJackson,1704092790,https://www.frontpagemag.com/a-reckoning-approaches/,41
1704134084,"2023 National Household Survey on DisasterPreparedness",FreedomPoster,1704092731,https://fema-community-files.s3.amazonaws.com/2023-National-Household-Survey.pdf,44
1704134084,"U.N. Says Mind Your Language — ‘No Such Thing as a Natural Disaster’",ChicagoConservative27,1704092572,https://www.breitbart.com/europe/2024/01/01/u-n-says-mind-your-language-no-such-thing-as-a-natural-disaster/,68
1704135982,"Outlook Problem: ""The linked image cannot be displayed.""",ducttape45,1704107109,"",0
1704135982,"Exclusive — Trump Rips Biden for Excessive Vacations: ‘When I Take Vacations, I’m Always Working’",ChicagoConservative27,1704106929,https://www.breitbart.com/politics/2024/01/01/exclusive-trump-rips-biden-excessive-vacations-when-i-take-vacations-im-always-working/,1
1704135982,"Cycling world mourns sudden demise of ex-champion Melissa Dennis Hoskins",ChildOfThe60s,1704105970,https://thethaiger.com/world/news/588049/,7
1704135982,"Climate Scientists Say We Should Embrace Higher CO2 Levels",george76,1704105726,"https://www.theepochtimes.com/article/climate-scientists-say-we-should-embrace-higher-co2-levels-5551562 ",8
1704135982,"10-Day Waiting Period in Effect for All Washington State Gun Purchases as of January 1, 2024",ChicagoConservative27,1704105518,https://www.breitbart.com/2nd-amendment/2024/01/01/10-day-waiting-period-effect-all-washington-state-gun-purchases-january-1-2024/,9
1704135982,"“Nobody Asked You” — Ron DeSantis Gets Roasted After Saying He Has “Categorically Ruled Out” Being Donald Trump’s Vice President",backpacker_c,1704104678,https://www.thegatewaypundit.com/2023/12/nobody-asked-you-ron-desantis-gets-roasted-after/,11
1704135982,"Biden has to be reminded by Jill that ice cream is his favorite food during rare interview",ChicagoConservative27,1704104391,https://nypost.com/2024/01/01/news/biden-has-to-be-reminded-by-jill-that-ice-cream-is-fav-food-during-rare-interview/,15
1704135982,"Zelensky Vows Russia Will Feel ‘Wrath’ of Ukraine With Arrival of Western F-16 Fighter Jets in New Year",ChicagoConservative27,1704103890,https://www.breitbart.com/europe/2024/01/01/zelensky-vows-russia-will-feel-wrath-of-ukraine-with-arrival-of-western-f-16-fighter-jets-in-new-year/,22
1704135982,"Biden Stronger than Folks Realize [semi-satire]","John Semmens",1704103570,"https://www.gopbriefingroom.com/index.php/topic,520870.0.html",9
1704135982,"Here are the best movies to watch on New Year’s Eve — yes, ‘The Godfather Part II’ counts",DoodleBob,1704103211,https://nypost.com/2023/12/29/entertainment/best-movies-to-watch-on-new-years-eve/,10
1704135982,"Supreme Court strikes down Reasonableness Standard Law, overturning a Basic Law Israel's Supreme Court makes historic move....",Nextrush,1704102650,https://israelnationalnews.com/news/382899,23
1704135982,"10-year-old shoots, kills another 10-year-old with father’s stolen gun, Sacramento sheriff says",artichokegrower,1704102530,https://www.kcra.com/article/sacramento-county-sheriffs-office-investigates-possible-shooting/46256235,17
1704135982,"Catholic Caucus: Daily Mass Readings xx-January-2024",annalex,1704101708,https://universalis.com/usa/20240101/mass.htm,9
1704135982,"Biden-Harris Hostage Crisis - Day 86 [America Surrendered]",Reno89519,1704099505,https://freerepublic.com/,22
1704135982,"[Catholic Caucus] My Catholic life! The Mother of Jesus is the Mother of God - Monday, January 1, 2024 - Catholic Caucus/Devotional",fidelis,1704097868,https://www.youtube.com/watch?v=15XR3i7jCs0,2
1704135982,"Migrants Bused to New Jersey Take Trains to NYC","Blood of Tyrants",1704097584,https://www.newsmax.com/newsfront/migrants-bused-new-jersey/2024/01/01/id/1147799/,49
1704135982,"PD: Kids hospitalized after unknowingly eating gelato with THC at Valley restaurant",Beowulf9,1704096178,https://www.abc15.com/news/local-news/investigations/pd-kids-hospitalized-after-unknowingly-eating-gelato-with-thc-at-valley-restaurant,27
1704135982,"Kapow! A New Summary, Analysis, and Video Report | PROOF Obama’s Birth Certificate is Fake | by Wolves And Finance","CDR Kerchner",1704096177,https://www.youtube.com/watch?v=dOP5Y9OUJyk,114
1704135982,"3-time NASCAR Cup Series champion Cale Yarborough dies",airdalecheif,1704095560,https://sports.yahoo.com/3-time-nascar-cup-series-champion-cale-yarborough-dies-152511347.html,33
1704135982,"Woo hoo!! And our 1st quarter 2024 FReepathon is now underway!!","Chris Robinson",1704094781,"",3
1704139016,"The shock moment Ian Ziering is attacked by bikers in traffic altercation:  90210 star is punched by group on Hollywood blvd before fleeing to safety.....as LAPD continue to probe violent incident","hillarys cankles",1704110112,https://www.dailymail.co.uk/tvshowbiz/article-12916805/The-shock-moment-Ian-Ziering-ATTACKED-bikers-traffic-altercation-90210-star-punched-group-Hollywood-Boulevard-fleeing-safety-LAPD-continue-probe-violent-incident.html,0
1704139016,"Israel's Highest Court Strikes Down Controversial Law to Curb Its Power",zeestephen,1704110030,https://www.msn.com/en-us/news/world/israel-s-highest-court-strikes-down-controversial-law-to-curb-its-power/ar-AA1mjVGa?ocid=hpmsn&cvid=ea3438237d22433eb09c30d6aa570652&ei=12,1
1704139016,"Iranian Navy Frigate Enters Red Sea As Tensions Escalate",artichokegrower,1704109574,https://gcaptain.com/iran-frigate-enters-red-sea/,4
1704139016,"Daily Mass Gospel Reflection - Solemnity of the Blessed Virgin Mary, the Mother of GodThe Octave Day of Christmas",MurphsLaw,1704109449,https://www.wordonfire.org,0
1704139016,"No Competition: More than 20% of Texas House members running unopposed in 2024",CFW,1704109424,https://justthenews.com/nation/states/center-square/more-20-texas-house-members-running-unopposed-2024,6
1704139016,"4.1 magnitude quake strikes Los Angeles County on New Year’s Day ",L.A.Justice,1704109267,https://ktla.com/news/local-news/4-1-magnitude-quake-strikes-south-los-angeles-county-on-new-years-day/,10
1704139016," Red Sea Crisis: Houthi Shipping Attacks, Trade and Escalation ",Chode,1704108272,https://www.youtube.com/watch?v=8GKlKYQDDcQ,9
1704139016,"How to Watch Vrbo Fiesta Bowl: Liberty vs. Oregon: Stream College Football Live, TV Channel",L.A.Justice,1704107917,https://www.si.com/tv/college-football/2024/01/01/vrbo-fiesta-bowl-liberty-flames-oregon-ducks-live-stream-watch,10
1704139016,"New insights into intervertebral disk degeneration: Role of oxygen concentration and HIF1A in nucleus pulposus cells (Oxidized LDL hurts back discs)",ConservativeMind,1704107342,https://medicalxpress.com/news/2023-12-insights-intervertebral-disk-degeneration-role.html,3
1704139016,"Outlook Problem: ""The linked image cannot be displayed.""",ducttape45,1704107109,"",21
1704139016,"Exclusive — Trump Rips Biden for Excessive Vacations: ‘When I Take Vacations, I’m Always Working’",ChicagoConservative27,1704106929,https://www.breitbart.com/politics/2024/01/01/exclusive-trump-rips-biden-excessive-vacations-when-i-take-vacations-im-always-working/,9
1704139016,"Cycling world mourns sudden demise of ex-champion Melissa Dennis Hoskins",ChildOfThe60s,1704105970,https://thethaiger.com/world/news/588049/,21
1704139016,"Climate Scientists Say We Should Embrace Higher CO2 Levels",george76,1704105726,"https://www.theepochtimes.com/article/climate-scientists-say-we-should-embrace-higher-co2-levels-5551562 ",18
1704139016,"10-Day Waiting Period in Effect for All Washington State Gun Purchases as of January 1, 2024",ChicagoConservative27,1704105518,https://www.breitbart.com/2nd-amendment/2024/01/01/10-day-waiting-period-effect-all-washington-state-gun-purchases-january-1-2024/,18
1704139016,"“Nobody Asked You” — Ron DeSantis Gets Roasted After Saying He Has “Categorically Ruled Out” Being Donald Trump’s Vice President",backpacker_c,1704104678,https://www.thegatewaypundit.com/2023/12/nobody-asked-you-ron-desantis-gets-roasted-after/,23
1704139017,"Biden has to be reminded by Jill that ice cream is his favorite food during rare interview",ChicagoConservative27,1704104391,https://nypost.com/2024/01/01/news/biden-has-to-be-reminded-by-jill-that-ice-cream-is-fav-food-during-rare-interview/,27
1704139017,"Zelensky Vows Russia Will Feel ‘Wrath’ of Ukraine With Arrival of Western F-16 Fighter Jets in New Year",ChicagoConservative27,1704103890,https://www.breitbart.com/europe/2024/01/01/zelensky-vows-russia-will-feel-wrath-of-ukraine-with-arrival-of-western-f-16-fighter-jets-in-new-year/,35
1704139017,"Biden Stronger than Folks Realize [semi-satire]","John Semmens",1704103570,"https://www.gopbriefingroom.com/index.php/topic,520870.0.html",10
1704139017,"Here are the best movies to watch on New Year’s Eve — yes, ‘The Godfather Part II’ counts",DoodleBob,1704103211,https://nypost.com/2023/12/29/entertainment/best-movies-to-watch-on-new-years-eve/,14
1704139017,"Supreme Court strikes down Reasonableness Standard Law, overturning a Basic Law Israel's Supreme Court makes historic move....",Nextrush,1704102650,https://israelnationalnews.com/news/382899,30
1704141375,"Zelensky vows increase in Ukraine-made weapons in 2024",ChicagoConservative27,1704112381,https://thehill.com/policy/defense/4383953-ukraine-russia-war-zelensky-vows-increase-domestically-produced-weapons-2024/,2
1704141375,"1 dead, 4 injured in Los Angeles County shooting",ChicagoConservative27,1704112181,https://thehill.com/homenews/state-watch/4383926-los-angeles-county-shooting-dead-injured/,1
1704141375,"Gospel of John Ch. 2 and Hebrews Ch. 4","Faith Presses On",1704111504,https://www.kingjamesbibleonline.org/John-Chapter-2/,2
1704141375,"Human Activity in China and India Dominates the Greening of Earth, NASA Study Shows [2019]",libh8er,1704110575,https://www.nasa.gov/centers-and-facilities/ames/human-activity-in-china-and-india-dominates-the-greening-of-earth-nasa-study-shows,11
1704141375,"The shock moment Ian Ziering is attacked by bikers in traffic altercation:  90210 star is punched by group on Hollywood blvd before fleeing to safety.....as LAPD continue to probe violent incident","hillarys cankles",1704110112,https://www.dailymail.co.uk/tvshowbiz/article-12916805/The-shock-moment-Ian-Ziering-ATTACKED-bikers-traffic-altercation-90210-star-punched-group-Hollywood-Boulevard-fleeing-safety-LAPD-continue-probe-violent-incident.html,17
1704141375,"Israel's Highest Court Strikes Down Controversial Law to Curb Its Power",zeestephen,1704110030,https://www.msn.com/en-us/news/world/israel-s-highest-court-strikes-down-controversial-law-to-curb-its-power/ar-AA1mjVGa?ocid=hpmsn&cvid=ea3438237d22433eb09c30d6aa570652&ei=12,10
1704141375,"Iranian Navy Frigate Enters Red Sea As Tensions Escalate",artichokegrower,1704109574,https://gcaptain.com/iran-frigate-enters-red-sea/,16
1704141375,"Daily Mass Gospel Reflection - Solemnity of the Blessed Virgin Mary, the Mother of GodThe Octave Day of Christmas",MurphsLaw,1704109449,https://www.wordonfire.org,0
1704141375,"No Competition: More than 20% of Texas House members running unopposed in 2024",CFW,1704109424,https://justthenews.com/nation/states/center-square/more-20-texas-house-members-running-unopposed-2024,10
1704141375,"4.1 magnitude quake strikes Los Angeles County on New Year’s Day ",L.A.Justice,1704109267,https://ktla.com/news/local-news/4-1-magnitude-quake-strikes-south-los-angeles-county-on-new-years-day/,22
1704141375," Red Sea Crisis: Houthi Shipping Attacks, Trade and Escalation ",Chode,1704108272,https://www.youtube.com/watch?v=8GKlKYQDDcQ,14
1704141375,"How to Watch Vrbo Fiesta Bowl: Liberty vs. Oregon: Stream College Football Live, TV Channel",L.A.Justice,1704107917,https://www.si.com/tv/college-football/2024/01/01/vrbo-fiesta-bowl-liberty-flames-oregon-ducks-live-stream-watch,19
1704141375,"New insights into intervertebral disk degeneration: Role of oxygen concentration and HIF1A in nucleus pulposus cells (Oxidized LDL hurts back discs)",ConservativeMind,1704107342,https://medicalxpress.com/news/2023-12-insights-intervertebral-disk-degeneration-role.html,4
1704141375,"Outlook Problem: ""The linked image cannot be displayed.""",ducttape45,1704107109,"",37
1704141375,"Exclusive — Trump Rips Biden for Excessive Vacations: ‘When I Take Vacations, I’m Always Working’",ChicagoConservative27,1704106929,https://www.breitbart.com/politics/2024/01/01/exclusive-trump-rips-biden-excessive-vacations-when-i-take-vacations-im-always-working/,12
1704141375,"Cycling world mourns sudden demise of ex-champion Melissa Dennis Hoskins",ChildOfThe60s,1704105970,https://thethaiger.com/world/news/588049/,22
1704141375,"Climate Scientists Say We Should Embrace Higher CO2 Levels",george76,1704105726,"https://www.theepochtimes.com/article/climate-scientists-say-we-should-embrace-higher-co2-levels-5551562 ",25
1704141375,"10-Day Waiting Period in Effect for All Washington State Gun Purchases as of January 1, 2024",ChicagoConservative27,1704105518,https://www.breitbart.com/2nd-amendment/2024/01/01/10-day-waiting-period-effect-all-washington-state-gun-purchases-january-1-2024/,28
1704141375,"“Nobody Asked You” — Ron DeSantis Gets Roasted After Saying He Has “Categorically Ruled Out” Being Donald Trump’s Vice President",backpacker_c,1704104678,https://www.thegatewaypundit.com/2023/12/nobody-asked-you-ron-desantis-gets-roasted-after/,29
1704141375,"Biden has to be reminded by Jill that ice cream is his favorite food during rare interview",ChicagoConservative27,1704104391,https://nypost.com/2024/01/01/news/biden-has-to-be-reminded-by-jill-that-ice-cream-is-fav-food-during-rare-interview/,34
1704144583,"Gov. Greg Abbott shipped over 85,000 illegal migrants from Texas in over one year drawing ire of Democrats as crisis turns from just remote border towns to America's biggest cities",knighthawk,1704115731,https://www.dailymail.co.uk/news/article-12916871/Gov-Greg-Abbott-shipped-85-000-illegal-migrants-Texas-one-year-drawing-ire-Democrats-crisis-turns-just-remote-border-towns-Americas-biggest-cities.html,0
1704144583,"Comet Airburst Initiated Transition to Agriculture 12,800 Years Ago, Scientists Say",SunkenCiv,1704115237,https://www.sci.news/archaeology/younger-dryas-agriculture-12357.html,5
1704144583,"Straight-Tusked Elephant Exploitation Was Widespread among Neanderthals, Archaeologists Say",SunkenCiv,1704114725,https://www.sci.news/archaeology/neanderthal-straight-tusked-elephant-exploitation-12513.html,7
1704144583,"VIDEO: Morning Joe Rings in New Year with Total TDS Obsession",PJ-Comix,1704114517,https://rumble.com/v44kikx-morning-joe-rings-in-new-year-with-total-tds-obsession.html,3
1704144583,"Things to Come: A Live Overview",rlmorel,1704114176,https://rumble.com/v44gca6-things-to-come-an-early-overview.html,4
1704144583,"Pro-Palestinian mob targets roads around JFK Airport causing gridlock for miserable passengers leaving NYC",Libloather,1704113895,https://www.dailymail.co.uk/news/article-12916895/new-years-day-pro-palestinian-mob-jfk-airport-protest.html,16
1704144583,"The Dark Truth About Kwanzaa",lightman,1704113435,https://townhall.com/tipsheet/miacathell/2024/01/01/kwanzaa-dark-truth-n2632847,14
1704144583,"A Nation on the Brink: Ballot Challenges Against Trump Must Be Forcefully Condemned",libstripper,1704112782,https://amgreatness.com/2024/01/01/a-nation-on-the-brink-ballot-challenges-against-trump-must-be-forcefully-condemned/,10
1704144583,"Ukraine Propaganda",delta7,1704112588,https://www.armstrongeconomics.com/international-news/ukraine/ukraine-propaganda/,13
1704144583,"Zelensky vows increase in Ukraine-made weapons in 2024",ChicagoConservative27,1704112381,https://thehill.com/policy/defense/4383953-ukraine-russia-war-zelensky-vows-increase-domestically-produced-weapons-2024/,17
1704144583,"1 dead, 4 injured in Los Angeles County shooting",ChicagoConservative27,1704112181,https://thehill.com/homenews/state-watch/4383926-los-angeles-county-shooting-dead-injured/,6
1704144583,"Gospel of John Ch. 2 and Hebrews Ch. 4","Faith Presses On",1704111504,https://www.kingjamesbibleonline.org/John-Chapter-2/,3
1704144583,"Human Activity in China and India Dominates the Greening of Earth, NASA Study Shows [2019]",libh8er,1704110575,https://www.nasa.gov/centers-and-facilities/ames/human-activity-in-china-and-india-dominates-the-greening-of-earth-nasa-study-shows,18
1704144583,"The shock moment Ian Ziering is attacked by bikers in traffic altercation:  90210 star is punched by group on Hollywood blvd before fleeing to safety.....as LAPD continue to probe violent incident","hillarys cankles",1704110112,https://www.dailymail.co.uk/tvshowbiz/article-12916805/The-shock-moment-Ian-Ziering-ATTACKED-bikers-traffic-altercation-90210-star-punched-group-Hollywood-Boulevard-fleeing-safety-LAPD-continue-probe-violent-incident.html,23
1704144583,"Israel's Highest Court Strikes Down Controversial Law to Curb Its Power",zeestephen,1704110030,https://www.msn.com/en-us/news/world/israel-s-highest-court-strikes-down-controversial-law-to-curb-its-power/ar-AA1mjVGa?ocid=hpmsn&cvid=ea3438237d22433eb09c30d6aa570652&ei=12,15
1704144583,"Iranian Navy Frigate Enters Red Sea As Tensions Escalate",artichokegrower,1704109574,https://gcaptain.com/iran-frigate-enters-red-sea/,22
1704144583,"Daily Mass Gospel Reflection - Solemnity of the Blessed Virgin Mary, the Mother of GodThe Octave Day of Christmas",MurphsLaw,1704109449,https://www.wordonfire.org,0
1704144583,"No Competition: More than 20% of Texas House members running unopposed in 2024",CFW,1704109424,https://justthenews.com/nation/states/center-square/more-20-texas-house-members-running-unopposed-2024,10
1704144583,"4.1 magnitude quake strikes Los Angeles County on New Year’s Day ",L.A.Justice,1704109267,https://ktla.com/news/local-news/4-1-magnitude-quake-strikes-south-los-angeles-county-on-new-years-day/,27
1704144583," Red Sea Crisis: Houthi Shipping Attacks, Trade and Escalation ",Chode,1704108272,https://www.youtube.com/watch?v=8GKlKYQDDcQ,18
1704146875,"Covid Vaccine Efficacy Sparks Fiery Debate Between Bill Maher and Seth MacFarlane on 'Club Random' Podcast",nickcarraway,1704117972,https://news.meaww.com/covid-vaccine-efficacy-sparks-fiery-debate-between-bill-maher-and-seth-mac-farlane-on-club-random-podcast,0
1704146875,"Musical Interlude topic for January 2024",SunkenCiv,1704117965,https://www.youtube.com/watch?v=,1
1704146875,"Astronomy Picture of the Day - NGC 1232: A Grand Design Spiral Galaxy",MtnClimber,1704117635,https://apod.nasa.gov/apod/ap240101.html,2
1704146875,"Supreme Court chief justice report urges caution on use of AI ahead of contentious election year",Libloather,1704117452,https://www.foxnews.com/politics/supreme-court-chief-justice-report-urges-caution-use-ai-contentious-election-year,3
1704146875,"A tax increase, LGBTQ+ youth protections and more sick leave highlight California’s new laws in 2024",Olog-hai,1704117441,https://apnews.com/article/california-new-laws-gavin-newsom-legislature-2024-e0a78926f275215884a783aa80cfce44,0
1704146875,"FBI gets scorched for its flaming 'Happy Holidays' greeting",george76,1704117264,"https://www.wnd.com/2024/01/fbi-gets-scorched-flaming-happy-holidays-greeting/ ",2
1704146875,"‘What the heck is Jill wearing???’ Biden’ trainwreck NYE interview gets A LOT of looks for all the wrong reasons (LINKS AND VIDEOS)",bitt,1704116168,https://americanwirenews.com/what-the-heck-is-jill-wearing-bidens-trainwreck-nye-interview-gets-a-lot-of-looks-for-all-the-wrong-reasons/,24
1704146875,"Trump hits Ohio governor over veto on proposed gender-affirming health care ban",lasereye,1704116014,"https://thehill.com/homenews/lgbtq/4382804-trump-hits-ohio-governor-over-veto-on-proposed-gender-affirming-health-care-ban/#:~:text=Former%20President%20Trump%20went%20after,in%20a%20Truth%20Social%20post.",6
1704146875,"Ukraine liberated 395 square kilometers in 2023, but  Russia occupied an additional 683 square kilometers.",janetjanet998,1704115996,https://twitter.com/RALee85/status/1741933862920298602,3
1704146875,"Gov. Greg Abbott shipped over 85,000 illegal migrants from Texas in over one year drawing ire of Democrats as crisis turns from just remote border towns to America's biggest cities",knighthawk,1704115731,https://www.dailymail.co.uk/news/article-12916871/Gov-Greg-Abbott-shipped-85-000-illegal-migrants-Texas-one-year-drawing-ire-Democrats-crisis-turns-just-remote-border-towns-Americas-biggest-cities.html,16
1704146875,"Comet Airburst Initiated Transition to Agriculture 12,800 Years Ago, Scientists Say",SunkenCiv,1704115237,https://www.sci.news/archaeology/younger-dryas-agriculture-12357.html,14
1704146875,"Straight-Tusked Elephant Exploitation Was Widespread among Neanderthals, Archaeologists Say",SunkenCiv,1704114725,https://www.sci.news/archaeology/neanderthal-straight-tusked-elephant-exploitation-12513.html,14
1704146875,"VIDEO: Morning Joe Rings in New Year with Total TDS Obsession",PJ-Comix,1704114517,https://rumble.com/v44kikx-morning-joe-rings-in-new-year-with-total-tds-obsession.html,9
1704146875,"Things to Come: A Live Overview",rlmorel,1704114176,https://rumble.com/v44gca6-things-to-come-an-early-overview.html,5
1704146875,"Pro-Palestinian mob targets roads around JFK Airport causing gridlock for miserable passengers leaving NYC",Libloather,1704113895,https://www.dailymail.co.uk/news/article-12916895/new-years-day-pro-palestinian-mob-jfk-airport-protest.html,20
1704146875,"The Dark Truth About Kwanzaa",lightman,1704113435,https://townhall.com/tipsheet/miacathell/2024/01/01/kwanzaa-dark-truth-n2632847,18
1704146875,"A Nation on the Brink: Ballot Challenges Against Trump Must Be Forcefully Condemned",libstripper,1704112782,https://amgreatness.com/2024/01/01/a-nation-on-the-brink-ballot-challenges-against-trump-must-be-forcefully-condemned/,21
1704146875,"Ukraine Propaganda",delta7,1704112588,https://www.armstrongeconomics.com/international-news/ukraine/ukraine-propaganda/,18
1704146875,"Zelensky vows increase in Ukraine-made weapons in 2024",ChicagoConservative27,1704112381,https://thehill.com/policy/defense/4383953-ukraine-russia-war-zelensky-vows-increase-domestically-produced-weapons-2024/,20
1704146875,"1 dead, 4 injured in Los Angeles County shooting",ChicagoConservative27,1704112181,https://thehill.com/homenews/state-watch/4383926-los-angeles-county-shooting-dead-injured/,8
1704150256,"Why Isn't There a Vaccine for the Common Cold?",DallasBiff,1704121442,https://www.verywellhealth.com/why-there-will-never-be-a-vaccine-for-the-common-cold-770451,0
1704150256,"Off-duty cop is shot dead while confronting three robbers - including teen girl - as they stole beer from a North Carolina convenience store",Morgana,1704120734,https://www.dailymail.co.uk/news/article-12916593/Off-duty-cop-shot-dead-confronting-three-robbers-including-teen-girl-stole-beer-North-Carolina-convenience-store.html,8
1704150256,"The shock moment Ian Ziering is ATTACKED by bikers after traffic altercation: 90210 star is punched by group on Hollywood Boulevard before fleeing to safety... as LAPD continue to probe violent incident",Morgana,1704120129,https://www.dailymail.co.uk/tvshowbiz/article-12916805/The-shock-moment-Ian-Ziering-ATTACKED-bikers-traffic-altercation-90210-star-punched-group-Hollywood-Boulevard-fleeing-safety-LAPD-continue-probe-violent-incident.html,0
1704150256,"Gen Z seeks to grow ranks in Congress",ChicagoConservative27,1704119649,https://thehill.com/homenews/campaign/4370027-gen-z-congress-maxwell-frost/,3
1704150256,"Nancy Mace: ‘We Are Losing the Fight on Abortion Every Single Day’",ChicagoConservative27,1704118234,https://www.breitbart.com/clips/2024/01/01/nancy-mace-we-are-losing-the-fight-on-abortion-every-single-day/,58
1704150256,"Woke Race Hustler Declares White Men CAN NEVER BE THE GREATEST At Anything Created By Africans!",Impala64ssa,1704118095,https://m.youtube.com/watch?v=9oZvxUgSSPw&t=307s,24
1704150256,"Covid Vaccine Efficacy Sparks Fiery Debate Between Bill Maher and Seth MacFarlane on 'Club Random' Podcast",nickcarraway,1704117972,https://news.meaww.com/covid-vaccine-efficacy-sparks-fiery-debate-between-bill-maher-and-seth-mac-farlane-on-club-random-podcast,9
1704150256,"Musical Interlude topic for January 2024",SunkenCiv,1704117965,https://www.youtube.com/watch?v=,1
1704150256,"Astronomy Picture of the Day - NGC 1232: A Grand Design Spiral Galaxy",MtnClimber,1704117635,https://apod.nasa.gov/apod/ap240101.html,3
1704150256,"Supreme Court chief justice report urges caution on use of AI ahead of contentious election year",Libloather,1704117452,https://www.foxnews.com/politics/supreme-court-chief-justice-report-urges-caution-use-ai-contentious-election-year,6
1704150256,"A tax increase, LGBTQ+ youth protections and more sick leave highlight California’s new laws in 2024",Olog-hai,1704117441,https://apnews.com/article/california-new-laws-gavin-newsom-legislature-2024-e0a78926f275215884a783aa80cfce44,5
1704150256,"FBI gets scorched for its flaming 'Happy Holidays' greeting",george76,1704117264,"https://www.wnd.com/2024/01/fbi-gets-scorched-flaming-happy-holidays-greeting/ ",5
1704150256,"‘What the heck is Jill wearing???’ Biden’ trainwreck NYE interview gets A LOT of looks for all the wrong reasons (LINKS AND VIDEOS)",bitt,1704116168,https://americanwirenews.com/what-the-heck-is-jill-wearing-bidens-trainwreck-nye-interview-gets-a-lot-of-looks-for-all-the-wrong-reasons/,51
1704150256,"Trump hits Ohio governor over veto on proposed gender-affirming health care ban",lasereye,1704116014,"https://thehill.com/homenews/lgbtq/4382804-trump-hits-ohio-governor-over-veto-on-proposed-gender-affirming-health-care-ban/#:~:text=Former%20President%20Trump%20went%20after,in%20a%20Truth%20Social%20post.",11
1704150256,"Ukraine liberated 395 square kilometers in 2023, but  Russia occupied an additional 683 square kilometers.",janetjanet998,1704115996,https://twitter.com/RALee85/status/1741933862920298602,3
1704150256,"Gov. Greg Abbott shipped over 85,000 illegal migrants from Texas in over one year drawing ire of Democrats as crisis turns from just remote border towns to America's biggest cities",knighthawk,1704115731,https://www.dailymail.co.uk/news/article-12916871/Gov-Greg-Abbott-shipped-85-000-illegal-migrants-Texas-one-year-drawing-ire-Democrats-crisis-turns-just-remote-border-towns-Americas-biggest-cities.html,20
1704150256,"Comet Airburst Initiated Transition to Agriculture 12,800 Years Ago, Scientists Say",SunkenCiv,1704115237,https://www.sci.news/archaeology/younger-dryas-agriculture-12357.html,16
1704150256,"Straight-Tusked Elephant Exploitation Was Widespread among Neanderthals, Archaeologists Say",SunkenCiv,1704114725,https://www.sci.news/archaeology/neanderthal-straight-tusked-elephant-exploitation-12513.html,15
1704150256,"VIDEO: Morning Joe Rings in New Year with Total TDS Obsession",PJ-Comix,1704114517,https://rumble.com/v44kikx-morning-joe-rings-in-new-year-with-total-tds-obsession.html,10
1704150256,"Things to Come: A Live Overview",rlmorel,1704114176,https://rumble.com/v44gca6-things-to-come-an-early-overview.html,7
1704153115,"NJ mayor says buses of migrants bound for NY are being dropped off at NJ train stations",DallasBiff,1704124311,https://abcnews.go.com/US/wireStory/nj-mayor-buses-migrants-bound-ny-dropped-off-106032143,0
1704153115,"Kiev Shells Russian City Donetsk During New Year’s Celebration",davikkm,1704124209,https://citizenwatchreport.com/kiev-shells-russian-city-donetsk-during-new-years-celebration/,0
1704153115,"I support meritocracy because I want bridge engineers who are good at math, doctors who don't butcher their patients, and college presidents who don't commit plagiarism.",grundle,1704123180,https://twitter.com/DanielAlmanPGH/status/1741964363236246005,8
1704153115,"Alan Cross’s 10 predictions for the world of music in 2024","Squawk 8888",1704123121,https://globalnews.ca/news/10193784/alan-cross-10-predictions-music-2024/,3
1704153115,"America’s Third Largest Teachers’ Union Heads for the Largest Decertification Vote in History",chickenlips,1704122961,https://redstate.com/freedom-foundation/2024/01/01/americas-third-largest-teachers-union-heads-for-the-largest-decertification-vote-in-history-n2168150,5
1704153115,"Amy's Place ... Poetry and Potpourri ... January - December, 2024",luvie,1704122148,"",3
1704153115,"New California laws in 2024 include Airbnb refunds and a state mushroom",artichokegrower,1704121787,https://www.sfgate.com/bayarea/article/new-california-laws-2024-18552414.php,8
1704153115,"Off-duty cop is shot dead while confronting three robbers - including teen girl - as they stole beer from a North Carolina convenience store",Morgana,1704120734,https://www.dailymail.co.uk/news/article-12916593/Off-duty-cop-shot-dead-confronting-three-robbers-including-teen-girl-stole-beer-North-Carolina-convenience-store.html,36
1704153115,"The shock moment Ian Ziering is ATTACKED by bikers after traffic altercation: 90210 star is punched by group on Hollywood Boulevard before fleeing to safety... as LAPD continue to probe violent incident",Morgana,1704120129,https://www.dailymail.co.uk/tvshowbiz/article-12916805/The-shock-moment-Ian-Ziering-ATTACKED-bikers-traffic-altercation-90210-star-punched-group-Hollywood-Boulevard-fleeing-safety-LAPD-continue-probe-violent-incident.html,0
1704153115,"Gen Z seeks to grow ranks in Congress",ChicagoConservative27,1704119649,https://thehill.com/homenews/campaign/4370027-gen-z-congress-maxwell-frost/,6
1704153115,"Nancy Mace: ‘We Are Losing the Fight on Abortion Every Single Day’",ChicagoConservative27,1704118234,https://www.breitbart.com/clips/2024/01/01/nancy-mace-we-are-losing-the-fight-on-abortion-every-single-day/,96
1704153115,"Woke Race Hustler Declares White Men CAN NEVER BE THE GREATEST At Anything Created By Africans!",Impala64ssa,1704118095,https://m.youtube.com/watch?v=9oZvxUgSSPw&t=307s,38
1704153115,"Covid Vaccine Efficacy Sparks Fiery Debate Between Bill Maher and Seth MacFarlane on 'Club Random' Podcast",nickcarraway,1704117972,https://news.meaww.com/covid-vaccine-efficacy-sparks-fiery-debate-between-bill-maher-and-seth-mac-farlane-on-club-random-podcast,18
1704153115,"Musical Interlude topic for January 2024",SunkenCiv,1704117965,https://www.youtube.com/watch?v=,3
1704153115,"Astronomy Picture of the Day - NGC 1232: A Grand Design Spiral Galaxy",MtnClimber,1704117635,https://apod.nasa.gov/apod/ap240101.html,5
1704153115,"Supreme Court chief justice report urges caution on use of AI ahead of contentious election year",Libloather,1704117452,https://www.foxnews.com/politics/supreme-court-chief-justice-report-urges-caution-use-ai-contentious-election-year,8
1704153115,"A tax increase, LGBTQ+ youth protections and more sick leave highlight California’s new laws in 2024",Olog-hai,1704117441,https://apnews.com/article/california-new-laws-gavin-newsom-legislature-2024-e0a78926f275215884a783aa80cfce44,6
1704153115,"FBI gets scorched for its flaming 'Happy Holidays' greeting",george76,1704117264,"https://www.wnd.com/2024/01/fbi-gets-scorched-flaming-happy-holidays-greeting/ ",11
1704153115,"‘What the heck is Jill wearing???’ Biden’ trainwreck NYE interview gets A LOT of looks for all the wrong reasons (LINKS AND VIDEOS)",bitt,1704116168,https://americanwirenews.com/what-the-heck-is-jill-wearing-bidens-trainwreck-nye-interview-gets-a-lot-of-looks-for-all-the-wrong-reasons/,69
1704153115,"Trump hits Ohio governor over veto on proposed gender-affirming health care ban",lasereye,1704116014,"https://thehill.com/homenews/lgbtq/4382804-trump-hits-ohio-governor-over-veto-on-proposed-gender-affirming-health-care-ban/#:~:text=Former%20President%20Trump%20went%20after,in%20a%20Truth%20Social%20post.",14
